MaMDID,Group,ANS,INA,IOB,MT,NAW,NBC,NO,PBD,PZT,ZS
1,AfrAm,1,1,3,1,3,0,0,0,0,2
2,AfrAm,2,2,3,1,1,1,0,0,1,2
3,AfrAm,1,1,3,2,2,0,0,0,2,2
4,AfrAm,1,1,3,1,3,0,1,1,1,1
5,AfrAm,1,3,3,2,2,0,0,1,1,2
6,AfrAm,1,1,3,2,3,0,0,0,3,2
7,AfrAm,1,1,3,2,3,1,0,0,1,0
8,AfrAm,1,1,3,3,2,0,0,0,2,1
9,AfrAm,1,1,3,3,3,0,0,0,0,2
10,AfrAm,1,2,3,2,3,2,1,0,2,1
11,AfrAm,1,1,3,1,2,0,0,1,1,2
12,AfrAm,2,3,2,3,2,4,0,0,3,0
13,AfrAm,1,3,2,1,2,4,0,0,2,1
14,AfrAm,2,2,3,2,3,2,1,1,1,1
15,AfrAm,2,2,2,1,3,1,0,0,3,1
16,AfrAm,2,3,2,1,3,1,0,1,1,1
17,AfrAm,2,3,1,1,2,3,1,0,1,2
18,AfrAm,1,2,2,2,3,1,1,1,1,1
19,AfrAm,2,4,1,1,2,1,1,1,1,1
20,AfrAm,2,2,3,1,3,1,0,0,1,1
21,AfrAm,2,2,2,1,2,1,0,0,1,2
22,AfrAm,1,3,2,2,3,1,0,0,1,1
23,AfrAm,2,2,3,0,3,4,0,0,2,1
24,AfrAm,2,4,2,0,2,4,0,1,3,1
25,AfrAm,2,5,2,1,2,3,0,0,1,1
26,AfrAm,2,3,2,0,2,1,1,1,1,1
27,AfrAm,3,3,3,1,2,3,1,0,2,1
28,AfrAm,3,2,3,2,3,3,0,0,2,2
29,AfrAm,2,3,3,2,3,3,0,1,2,2
30,AfrAm,1,1,3,2,3,2,1,0,3,2
31,AfrAm,2,4,3,1,2,1,1,0,1,1
32,AfrAm,2,1,3,1,2,4,0,1,1,1
33,AfrAm,1,3,2,1,2,3,0,1,1,1
34,AfrAm,1,2,3,0,3,0,0,0,2,0
35,AfrAm,2,3,3,1,3,0,0,0,2,0
36,AfrAm,1,2,3,0,2,3,1,0,1,1
37,AfrAm,2,2,3,1,3,3,1,1,2,1
38,AfrAm,2,4,2,1,2,1,1,0,1,1
39,AfrAm,1,3,3,2,3,1,0,1,0,1
40,AfrAm,2,3,3,1,2,3,0,0,1,0
41,AfrAm,2,3,3,1,3,1,1,0,2,1
42,AfrAm,1,3,3,1,3,1,0,1,1,1
43,AfrAm,3,4,3,2,2,3,0,1,1,0
44,AfrAm,2,3,2,3,2,2,0,0,1,0
45,AfrAm,2,1,2,0,2,4,0,0,2,1
46,AfrAm,2,3,2,0,2,1,0,0,3,0
47,AfrAm,2,3,3,0,2,3,0,1,2,0
48,AfrAm,2,2,1,1,2,3,0,0,2,1
49,AfrAm,2,4,3,1,3,1,0,1,2,1
50,AfrAm,1,3,2,0,3,0,0,0,3,1
51,AfrAm,1,3,2,1,3,1,0,1,0,1
52,AfrAm,3,3,2,1,2,3,0,0,0,0
53,AfrAm,2,4,2,3,2,3,0,1,1,1
54,AfrAm,2,3,2,2,2,3,1,1,2,0
55,AfrAm,1,3,3,1,3,3,1,0,3,1
56,AfrAm,3,3,2,2,3,0,1,1,1,2
57,AfrAm,1,2,2,3,3,0,0,0,1,2
58,AfrAm,1,2,2,1,3,0,0,0,1,2
59,AfrAm,2,2,2,2,3,4,1,0,2,2
60,AfrAm,3,4,3,2,2,1,1,0,2,2
61,AfrAm,3,3,2,3,2,2,1,1,2,2
62,AfrAm,2,3,1,2,2,3,0,1,2,1
63,AfrAm,2,4,2,2,3,4,1,0,3,2
64,AfrAm,2,3,2,2,2,3,1,1,3,2
65,AfrAm,2,3,3,0,3,3,0,1,2,0
66,AfrAm,2,3,2,1,3,4,0,1,1,1
67,AfrAm,3,2,2,2,2,4,0,1,2,2
68,AfrAm,3,4,1,1,2,3,0,1,1,2
69,AfrAm,2,2,2,1,2,3,1,1,1,2
70,AfrAm,2,2,3,2,3,1,0,0,1,0
71,AfrAm,3,4,3,3,3,2,1,0,2,1
72,AfrAm,3,2,3,2,2,3,0,0,2,1
73,AfrAm,2,5,1,2,3,4,0,0,2,2
74,AfrAm,2,4,2,3,2,3,0,0,3,0
75,AfrAm,3,5,2,2,2,4,0,1,2,0
76,AfrAm,1,1,3,1,3,0,1,1,2,0
77,AfrAm,2,4,2,1,3,3,1,0,2,2
78,AfrAm,2,3,3,1,3,2,1,0,2,1
79,AfrAm,2,3,1,1,2,1,1,1,1,2
80,AfrAm,2,4,2,1,3,3,1,0,1,0
81,AfrAm,1,3,2,1,3,1,0,0,2,0
82,AfrAm,2,3,3,1,3,1,0,1,1,1
83,AfrAm,2,4,2,2,3,1,0,1,1,1
84,AfrAm,2,4,1,2,3,3,1,1,3,1
85,AfrAm,3,3,2,2,3,2,1,0,1,1
86,AfrAm,2,2,2,1,3,1,1,0,1,0
87,AfrAm,1,1,1,2,2,1,0,1,3,1
88,AfrAm,1,1,3,1,2,4,0,0,3,1
89,AfrAm,2,4,2,0,2,3,1,1,1,1
90,AfrAm,2,2,3,2,3,3,0,1,3,2
91,AfrAm,1,1,1,0,2,3,0,1,1,2
92,AfrAm,2,2,3,0,2,1,0,0,2,1
93,AfrAm,2,3,2,2,2,3,0,0,2,0
94,AfrAm,1,1,3,0,3,0,0,1,1,0
95,AfrAm,2,1,3,2,3,0,1,1,1,0
96,AfrAm,2,2,2,2,2,1,0,0,1,0
97,AfrAm,1,2,2,2,2,1,1,0,1,1
98,AfrAm,1,4,2,0,3,3,1,1,1,1
99,AfrAm,2,4,2,2,3,3,0,1,1,0
100,AfrAm,2,4,3,1,1,3,0,1,2,1
101,AfrAm,2,1,1,1,1,4,0,0,2,1
102,AfrAm,3,3,1,2,2,3,0,1,2,2
103,AfrAm,2,4,3,3,2,1,1,1,2,0
104,AfrAm,3,3,3,2,3,3,0,0,2,0
105,AfrAm,3,3,3,1,2,4,1,1,2,1
106,AfrAm,1,2,3,1,3,0,0,1,1,2
107,AfrAm,2,3,2,1,2,4,0,1,2,1
108,AfrAm,2,1,3,2,3,4,1,1,1,0
109,AfrAm,1,2,2,2,2,1,0,1,3,1
110,AfrAm,2,2,3,1,3,4,1,0,0,1
111,AfrAm,1,3,3,1,3,1,0,0,1,1
112,AfrAm,2,3,2,1,2,4,1,0,1,1
113,AfrAm,2,2,3,2,2,3,0,1,1,2
114,AfrAm,1,1,1,1,2,0,0,0,2,2
115,AfrAm,2,3,2,3,3,1,0,0,2,2
116,AfrAm,1,1,3,1,3,0,0,0,3,1
117,AfrAm,2,1,3,3,3,0,1,1,2,2
118,AfrAm,1,1,3,2,2,0,0,0,1,2
119,AfrAm,1,1,2,2,2,2,0,0,2,2
120,AfrAm,1,1,3,1,3,3,1,0,3,2
121,AfrAm,3,1,3,3,3,0,0,0,2,1
122,AfrAm,1,1,2,2,3,0,1,1,2,2
123,AfrAm,2,1,3,1,2,2,0,0,1,1
124,AfrAm,1,1,3,1,3,1,1,1,1,1
125,AfrAm,1,1,3,3,2,0,1,1,3,2
126,AfrAm,1,1,3,2,2,2,1,1,2,1
127,AfrAm,1,1,2,1,3,0,0,1,2,0
128,AfrAm,1,1,2,3,2,2,0,0,1,2
129,AfrAm,1,2,2,3,2,1,1,0,1,2
130,AfrAm,3,2,2,2,2,1,0,0,2,2
131,AfrAm,1,1,3,3,3,0,1,0,2,1
132,AfrAm,1,1,3,2,2,0,0,1,1,2
133,AfrAm,1,1,2,3,2,3,0,0,1,1
134,AfrAm,1,1,2,1,3,1,1,1,3,1
135,AfrAm,1,1,2,2,2,2,0,1,1,1
136,AfrAm,1,3,3,2,3,0,0,0,2,1
137,AfrAm,1,1,3,1,2,0,0,1,2,2
138,AfrAm,1,1,3,2,3,1,0,0,3,1
139,AfrAm,2,2,1,1,2,1,0,0,3,2
140,AfrAm,2,3,2,2,2,4,1,1,3,2
141,AfrAm,1,1,3,1,3,2,1,0,3,2
142,AfrAm,3,3,3,3,2,1,0,1,2,1
143,AfrAm,2,2,2,1,2,1,1,1,1,2
144,AfrAm,2,1,1,2,2,3,1,0,1,2
145,AfrAm,1,1,3,1,2,1,1,0,1,0
146,AfrAm,1,2,2,3,1,1,0,1,3,2
147,AfrAm,1,2,3,1,3,2,0,1,1,2
148,AfrAm,2,4,2,1,2,0,0,1,2,1
149,AfrAm,1,1,3,1,3,0,0,1,1,2
150,AfrAm,1,1,2,2,2,2,0,0,2,2
151,AfrAm,1,1,3,1,3,0,0,1,1,2
152,AfrAm,3,2,3,1,3,0,0,0,3,0
153,AfrAm,2,1,2,1,2,2,1,1,3,2
154,AfrAm,1,3,3,1,3,0,0,0,1,0
155,AfrAm,1,1,2,3,3,3,1,1,1,0
156,AfrAm,1,1,1,3,2,2,0,0,2,1
157,AfrAm,1,1,3,2,3,0,0,0,1,1
158,AfrAm,1,1,3,2,3,0,0,0,1,1
159,AfrAm,1,1,2,3,2,1,0,0,3,2
160,AfrAm,3,2,3,2,3,0,0,1,2,1
161,AfrAm,1,2,2,2,1,4,1,0,2,2
162,AfrAm,1,3,2,1,3,0,1,0,1,0
163,AfrAm,1,1,2,1,3,0,0,1,3,2
164,AfrAm,1,1,2,1,3,1,1,1,1,2
165,AfrAm,1,1,2,1,2,3,0,0,0,2
166,AfrAm,1,1,3,3,3,0,0,1,1,2
167,AfrAm,1,1,3,2,3,0,0,0,1,2
168,AfrAm,1,1,3,2,3,0,0,0,2,1
169,AfrAm,1,1,3,3,2,0,0,0,2,2
170,AfrAm,1,1,3,2,3,0,0,1,3,2
171,AfrAm,1,3,2,1,3,0,0,0,1,2
172,AfrAm,1,1,3,3,3,0,0,1,1,0
173,AfrAm,3,1,3,1,3,2,1,1,2,0
174,AfrAm,2,4,2,1,2,1,0,0,1,0
175,AfrAm,1,2,2,2,2,1,0,0,2,1
176,AfrAm,1,1,3,3,3,0,0,0,3,0
177,AfrAm,1,1,2,1,3,3,1,1,2,2
178,AfrAm,1,2,2,3,2,1,0,1,2,2
179,AfrAm,3,2,1,3,1,3,1,0,1,2
180,AfrAm,1,1,1,1,2,0,1,0,2,2
181,AfrAm,2,2,3,1,3,0,0,0,3,2
182,AfrAm,1,1,3,1,2,0,0,1,1,1
183,AfrAm,3,2,3,2,3,1,0,0,2,1
184,AfrAm,1,2,3,1,2,4,0,1,1,2
185,AfrAm,1,1,2,1,3,1,0,0,1,2
186,AfrAm,1,1,2,2,2,2,0,1,2,2
187,AfrAm,1,1,1,2,2,0,0,1,1,0
188,AfrAm,1,2,3,2,3,0,1,0,1,1
189,AfrAm,1,1,3,2,3,0,0,0,1,1
190,AfrAm,1,1,3,2,3,0,0,0,1,1
191,AfrAm,1,1,2,1,2,0,0,0,1,1
192,AfrAm,3,3,2,1,1,3,0,0,1,1
193,AfrAm,1,1,2,2,3,0,0,0,3,1
194,AfrAm,3,3,3,3,3,0,0,0,2,2
195,AfrAm,2,2,2,3,3,0,0,0,1,2
196,AfrAm,2,3,3,1,2,0,1,1,2,1
197,AfrAm,1,1,3,1,3,0,0,1,1,1
198,AfrAm,2,2,1,1,2,3,0,0,2,1
199,AfrAm,1,2,2,1,2,0,1,0,1,2
200,AfrAm,2,1,1,3,2,2,1,1,2,1
201,AfrAm,1,1,1,1,2,4,0,1,2,1
202,AfrAm,1,1,3,1,3,0,1,0,2,2
203,AfrAm,1,1,3,1,3,0,1,0,1,1
204,AfrAm,1,1,3,1,3,0,0,1,3,0
205,AfrAm,1,1,1,1,3,1,0,1,1,1
206,AfrAm,1,1,3,1,3,1,0,0,1,1
207,AfrAm,1,1,3,2,3,0,1,1,2,2
208,AfrAm,1,1,3,3,3,0,1,0,2,1
209,AfrAm,1,4,3,1,3,0,0,0,2,1
210,AfrAm,1,1,2,1,3,0,0,0,1,1
211,AfrAm,1,1,3,1,3,3,0,0,1,2
212,AfrAm,2,1,1,2,2,3,1,0,3,1
213,AfrAm,1,1,2,1,2,0,0,0,3,2
214,AfrAm,2,3,1,1,1,4,0,0,1,2
215,AfrAm,1,1,3,1,2,0,0,1,1,1
216,AfrAm,1,1,3,3,3,0,0,0,3,0
217,AfrAm,1,1,2,1,3,0,0,1,1,2
218,AfrAm,2,1,2,2,3,3,1,1,2,2
219,AfrAm,1,2,1,1,2,1,1,0,2,1
220,AfrAm,1,1,2,1,3,0,0,0,1,2
221,AfrAm,2,3,2,2,1,4,0,0,1,1
222,AfrAm,1,2,3,1,3,0,1,0,1,1
223,AfrAm,1,1,2,3,3,0,0,1,3,1
224,AfrAm,2,3,2,3,1,4,1,0,3,2
225,AfrAm,1,1,3,3,3,1,0,0,2,0
226,AfrAm,1,1,3,1,3,0,0,0,3,2
227,AfrAm,1,1,3,3,2,0,0,1,1,2
228,AfrAm,1,4,3,3,3,0,0,1,2,2
229,AfrAm,1,1,3,3,3,0,1,1,1,1
230,AfrAm,2,2,3,3,2,2,0,0,2,1
231,AfrAm,3,1,2,3,2,0,0,0,1,2
232,AfrAm,1,2,3,1,3,0,0,0,2,2
233,AfrAm,1,3,3,1,2,0,0,1,2,0
234,AfrAm,1,1,2,2,3,4,1,0,3,1
235,AfrAm,1,1,2,2,2,0,0,0,1,2
236,AfrAm,1,1,2,1,2,0,1,1,2,1
237,AfrAm,1,1,2,1,3,1,0,1,2,2
238,AfrAm,1,1,3,2,3,0,0,0,2,2
239,AfrAm,1,3,3,1,2,3,1,0,1,2
240,AfrAm,1,1,3,1,3,0,0,1,2,2
241,AfrAm,1,2,1,1,2,3,1,0,2,1
242,AfrAm,1,3,3,1,3,0,0,0,1,2
243,AfrAm,1,1,3,1,3,0,0,0,2,2
244,AfrAm,1,1,2,2,2,0,1,0,2,1
245,AfrAm,1,1,2,3,2,2,0,1,3,2
246,AfrAm,1,1,3,2,3,0,0,1,2,1
247,AfrAm,1,1,3,1,3,0,0,0,2,2
248,AfrAm,3,3,1,1,2,1,0,1,1,2
249,AfrAm,1,1,2,3,3,0,0,1,3,2
250,AfrAm,1,2,1,3,2,2,0,1,3,2
251,AfrAm,1,4,3,1,3,0,0,1,1,2
252,AfrAm,1,1,1,1,2,1,0,1,1,1
253,AfrAm,1,1,2,2,3,0,1,0,3,1
254,AfrAm,1,1,2,1,3,0,1,1,1,1
255,AfrAm,1,1,3,3,3,0,0,0,3,2
256,AfrAm,1,1,3,2,3,0,0,0,1,2
257,AfrAm,1,1,3,1,3,3,0,0,1,1
258,AfrAm,1,1,2,2,3,0,0,0,1,2
259,AfrAm,1,4,2,1,2,0,0,0,1,0
260,AfrAm,1,1,3,2,3,1,1,1,1,2
261,AfrAm,2,3,2,2,3,2,0,1,2,2
262,AfrAm,1,1,3,1,3,0,1,0,2,0
263,AfrAm,1,3,1,1,2,1,0,0,1,2
264,AfrAm,1,3,3,1,3,0,0,1,3,2
265,AfrAm,2,1,2,0,2,4,0,0,2,1
266,AfrAm,2,4,1,2,2,1,0,1,2,1
267,AfrAm,2,4,1,0,3,1,0,1,2,0
268,AfrAm,1,3,2,0,2,0,0,1,1,0
269,AfrAm,1,2,2,0,2,3,0,0,2,0
270,AfrAm,2,4,3,0,1,1,0,1,2,0
271,AfrAm,1,3,2,0,2,0,0,1,1,1
272,AfrAm,2,5,2,0,1,1,0,0,1,1
273,AfrAm,1,2,2,1,2,0,0,1,2,0
274,AfrAm,1,2,3,0,2,1,0,1,1,0
275,AfrAm,1,3,2,0,2,3,0,0,1,1
276,AfrAm,2,5,3,1,3,3,0,0,1,1
277,AfrAm,2,3,3,1,3,0,0,0,1,1
278,AfrAm,1,2,3,2,2,0,0,1,1,1
279,AfrAm,2,1,2,2,2,4,0,1,3,1
280,AfrAm,3,4,3,2,2,1,1,1,3,0
281,AfrAm,3,4,2,0,2,0,0,0,2,0
282,AfrAm,1,2,2,2,2,1,0,0,3,1
283,AfrAm,3,4,2,1,2,1,0,0,2,1
284,AfrAm,2,2,2,1,3,1,1,1,1,1
285,AfrAm,2,2,3,1,3,0,0,0,1,2
286,AfrAm,1,2,1,2,3,1,0,1,1,0
287,AfrAm,2,1,1,2,2,1,0,1,1,2
288,AfrAm,2,2,2,3,2,1,0,0,3,2
289,AfrAm,2,2,2,2,2,1,0,0,1,2
290,AfrAm,3,3,2,0,2,1,1,0,0,1
291,AfrAm,1,2,3,2,2,0,0,1,1,1
292,AfrAm,3,2,2,1,2,3,1,0,2,2
293,AfrAm,2,3,2,1,3,3,0,0,2,0
294,AfrAm,1,4,1,1,2,0,1,0,1,2
295,AfrAm,1,3,2,1,2,1,0,1,3,1
296,AfrAm,1,1,1,1,2,1,1,1,1,0
297,AfrAm,1,4,3,2,3,0,0,0,2,0
298,AfrAm,2,1,1,1,2,3,0,0,2,1
299,AfrAm,2,1,1,2,3,1,0,0,2,1
300,AfrAm,2,3,2,2,2,3,1,1,1,2
301,EurAm,2,4,1,2,2,1,0,0,1,2
302,EurAm,2,4,2,1,2,2,0,0,1,0
303,EurAm,2,3,1,1,1,3,1,0,1,1
304,EurAm,3,4,1,1,2,2,0,1,1,2
305,EurAm,3,4,1,3,1,3,0,1,3,0
306,EurAm,2,3,2,3,2,2,0,0,2,0
307,EurAm,2,4,2,2,2,2,0,1,1,0
308,EurAm,2,3,1,1,1,2,0,0,1,2
309,EurAm,3,3,1,2,1,2,0,0,0,1
310,EurAm,2,3,1,1,2,2,0,0,1,0
311,EurAm,2,4,1,2,1,2,0,0,1,2
312,EurAm,2,3,2,1,1,1,1,0,1,0
313,EurAm,3,4,2,0,2,1,1,0,0,1
314,EurAm,3,5,2,0,1,1,1,1,1,0
315,EurAm,3,3,2,1,1,1,1,0,1,1
316,EurAm,2,3,2,2,1,1,0,0,2,0
317,EurAm,1,5,2,1,1,0,0,0,0,0
318,EurAm,2,3,1,1,1,1,0,0,1,0
319,EurAm,2,3,2,1,1,1,1,0,1,1
320,EurAm,1,3,1,1,1,1,0,0,1,0
321,EurAm,3,5,2,2,1,3,0,0,1,1
322,EurAm,1,3,1,1,1,1,0,1,1,0
323,EurAm,2,4,1,0,1,4,1,0,1,1
324,EurAm,2,3,1,0,2,3,0,0,1,1
325,EurAm,3,4,1,1,1,3,0,0,3,2
326,EurAm,1,3,3,3,3,0,0,0,1,1
327,EurAm,3,4,2,1,1,1,1,0,1,1
328,EurAm,1,4,2,0,2,0,0,0,1,0
329,EurAm,2,3,2,1,1,2,0,0,1,1
330,EurAm,3,3,2,1,1,1,0,0,1,0
331,EurAm,1,1,3,2,3,1,0,0,1,2
332,EurAm,2,4,3,0,3,3,1,0,1,2
333,EurAm,1,5,2,0,2,1,1,1,1,0
334,EurAm,1,4,1,1,1,2,0,1,1,1
335,EurAm,3,3,2,0,1,1,1,1,0,0
336,EurAm,2,2,1,1,1,2,1,1,0,0
337,EurAm,2,3,2,0,2,3,0,0,2,1
338,EurAm,2,4,2,1,1,1,0,1,1,0
339,EurAm,3,5,1,2,1,1,0,0,1,1
340,EurAm,3,5,2,1,2,1,1,1,1,1
341,EurAm,3,5,2,1,1,1,0,0,1,0
342,EurAm,2,3,2,1,1,0,1,0,0,1
343,EurAm,2,3,2,1,1,1,0,0,1,1
344,EurAm,1,3,1,3,1,1,1,0,1,1
345,EurAm,2,3,2,1,1,3,1,0,1,1
346,EurAm,2,3,2,1,1,3,0,0,1,0
347,EurAm,2,3,2,0,1,3,1,0,1,0
348,EurAm,3,5,2,2,1,1,1,0,1,1
349,EurAm,1,3,2,1,1,0,0,0,0,0
350,EurAm,1,3,1,0,1,1,0,0,2,1
351,EurAm,2,3,2,1,2,1,0,1,1,0
352,EurAm,2,5,2,1,1,4,1,0,2,0
353,EurAm,1,3,2,0,2,1,1,0,0,0
354,EurAm,1,3,1,0,1,0,1,0,1,1
355,EurAm,2,4,2,1,2,3,0,1,2,0
356,EurAm,3,3,2,1,1,0,0,0,2,1
357,EurAm,2,3,1,1,1,3,1,1,1,0
358,EurAm,3,4,2,1,1,1,1,0,1,0
359,EurAm,2,2,2,1,1,1,0,0,1,1
360,EurAm,2,3,3,1,1,0,1,0,1,0
361,EurAm,2,5,2,0,1,1,1,0,1,0
362,EurAm,2,5,2,2,1,1,0,0,1,1
363,EurAm,2,3,2,1,2,3,1,0,1,1
364,EurAm,2,5,2,0,1,1,0,1,1,0
365,EurAm,2,3,2,2,2,1,1,0,1,1
366,EurAm,1,3,2,1,1,1,1,0,1,1
367,EurAm,2,3,1,1,1,1,1,1,1,1
368,EurAm,1,4,2,1,1,1,0,1,1,1
369,EurAm,1,3,2,1,1,1,1,0,1,0
370,EurAm,2,3,2,0,2,3,0,1,0,0
371,EurAm,2,2,2,0,3,1,1,0,3,1
372,EurAm,1,3,2,1,1,4,0,1,1,0
373,EurAm,2,4,2,0,2,3,1,0,0,0
374,EurAm,2,3,2,1,2,0,0,0,1,1
375,EurAm,2,4,1,0,1,3,1,0,0,0
376,EurAm,2,3,2,1,1,1,0,0,1,1
377,EurAm,1,3,2,0,2,1,1,1,2,0
378,EurAm,1,3,1,1,1,4,1,0,1,0
379,EurAm,3,5,1,1,1,1,1,1,1,1
380,EurAm,2,3,2,1,2,1,0,1,0,1
381,EurAm,2,5,2,1,1,3,0,0,1,0
382,EurAm,2,3,1,0,1,1,1,1,1,1
383,EurAm,3,3,1,1,1,3,0,0,1,0
384,EurAm,3,3,2,2,1,1,1,0,1,1
385,EurAm,2,3,2,1,1,1,0,0,1,1
386,EurAm,1,2,2,1,1,3,0,0,1,0
387,EurAm,1,3,2,1,1,1,0,0,1,1
388,EurAm,1,5,2,1,2,1,0,1,1,0
389,EurAm,1,3,2,0,1,1,1,0,1,0
390,EurAm,3,5,2,1,1,4,0,1,1,0
391,EurAm,3,4,2,2,1,0,1,1,2,0
392,EurAm,2,4,1,1,1,3,0,0,1,1
393,EurAm,2,3,1,1,1,3,0,0,1,1
394,EurAm,1,4,2,1,1,1,0,0,1,0
395,EurAm,1,3,2,0,1,4,0,0,1,1
396,EurAm,1,3,2,1,2,0,1,0,1,1
397,EurAm,2,3,2,0,2,1,0,1,1,0
398,EurAm,1,4,2,2,1,1,0,0,1,0
399,EurAm,2,3,2,0,1,1,1,0,1,0
400,EurAm,2,3,2,1,2,1,0,0,2,0
401,EurAm,2,5,2,1,1,4,0,1,1,1
402,EurAm,2,4,2,2,1,4,1,1,1,1
403,EurAm,3,3,1,1,1,3,0,0,1,0
404,EurAm,1,3,2,1,1,1,0,1,1,1
405,EurAm,2,4,2,0,2,1,0,0,1,1
406,EurAm,3,3,2,1,1,3,1,1,1,0
407,EurAm,1,5,2,1,1,4,1,0,1,0
408,EurAm,1,3,2,0,2,1,1,0,1,1
409,EurAm,3,4,1,1,1,1,0,1,1,0
410,EurAm,2,4,2,1,1,2,0,0,1,1
411,EurAm,1,3,2,0,2,0,0,0,0,0
412,EurAm,2,3,1,1,1,1,1,0,1,0
413,EurAm,2,3,2,1,1,1,0,0,1,0
414,EurAm,2,5,1,1,3,3,0,1,1,1
415,EurAm,1,5,2,1,2,1,0,0,3,0
416,EurAm,1,3,2,2,1,3,1,0,1,0
417,EurAm,3,4,2,2,1,1,0,0,1,0
418,EurAm,2,3,2,0,2,1,0,0,1,0
419,EurAm,2,4,1,1,1,1,1,0,1,0
420,EurAm,3,4,2,1,2,4,0,0,1,0
421,EurAm,2,5,2,2,1,1,1,0,1,0
422,EurAm,2,5,2,1,1,2,1,0,1,0
423,EurAm,1,3,2,1,1,1,0,0,0,0
424,EurAm,2,3,2,1,1,1,0,0,2,0
425,EurAm,2,3,2,1,1,3,1,0,1,0
426,EurAm,2,3,2,1,2,1,0,0,2,0
427,EurAm,2,3,2,1,2,1,1,0,1,1
428,EurAm,1,4,2,1,2,1,1,0,1,0
429,EurAm,2,3,1,1,1,1,1,0,0,0
430,EurAm,1,3,2,1,2,4,1,0,1,0
431,EurAm,1,5,1,2,1,0,1,0,2,0
432,EurAm,1,4,2,0,1,4,1,0,1,1
433,EurAm,2,3,2,1,1,1,0,0,1,0
434,EurAm,2,4,1,1,1,3,0,0,1,1
435,EurAm,2,3,1,1,1,1,1,0,1,0
436,EurAm,2,3,2,1,1,3,0,0,1,0
437,EurAm,1,3,2,1,1,3,0,0,1,1
438,EurAm,3,3,2,1,1,1,0,1,0,1
439,EurAm,2,3,1,1,1,4,1,0,1,0
440,EurAm,3,3,2,1,1,3,1,1,1,0
441,EurAm,2,4,1,2,1,1,0,0,1,0
442,EurAm,3,3,2,1,1,1,0,1,1,2
443,EurAm,2,3,2,1,2,1,1,1,2,0
444,EurAm,2,3,2,1,2,1,1,0,1,1
445,EurAm,3,4,1,0,2,3,1,0,1,1
446,EurAm,2,3,2,1,1,3,1,1,1,0
447,EurAm,2,3,1,1,1,1,1,1,1,1
448,EurAm,2,5,2,1,1,1,1,0,1,0
449,EurAm,3,3,1,1,1,3,0,0,1,0
450,EurAm,2,3,2,1,1,1,1,0,1,1
451,EurAm,2,3,2,1,2,4,1,0,1,1
452,EurAm,2,4,2,1,1,2,0,0,1,1
453,EurAm,2,3,2,1,1,1,0,0,1,1
454,EurAm,2,4,2,0,1,1,0,1,1,0
455,EurAm,3,3,1,2,1,2,1,0,1,1
456,EurAm,3,3,1,1,1,3,0,0,1,0
457,EurAm,3,3,2,0,1,1,1,0,1,0
458,EurAm,2,3,2,1,1,1,0,0,1,1
459,EurAm,1,3,2,1,1,3,0,0,1,1
460,EurAm,1,3,2,3,2,1,0,0,1,1
461,EurAm,3,3,2,1,2,1,1,0,1,0
462,EurAm,3,4,2,1,1,1,0,1,0,1
463,EurAm,2,3,2,1,2,0,1,0,1,0
464,EurAm,2,3,2,1,2,1,1,0,1,0
465,EurAm,3,3,2,0,2,0,0,0,1,0
466,EurAm,2,3,2,1,2,1,1,0,1,0
467,EurAm,2,3,2,1,2,1,0,0,1,0
468,EurAm,3,5,2,1,1,1,0,0,1,1
469,EurAm,3,5,1,2,1,1,0,0,1,1
470,EurAm,2,3,1,3,1,1,1,0,1,1
471,EurAm,1,5,2,0,1,1,0,0,1,0
472,EurAm,3,5,2,1,1,1,1,1,2,0
473,EurAm,1,3,2,1,1,1,0,0,1,1
474,EurAm,3,3,2,2,1,3,0,0,1,1
475,EurAm,3,3,2,0,2,1,0,0,1,0
476,EurAm,2,3,1,1,1,1,0,1,1,0
477,EurAm,2,4,2,1,1,1,0,0,1,1
478,EurAm,3,4,2,1,1,1,0,0,1,0
479,EurAm,2,3,2,1,1,1,0,1,1,0
480,EurAm,2,5,2,1,2,2,0,1,1,1
481,EurAm,1,3,2,0,1,2,0,0,1,0
482,EurAm,3,3,2,2,1,1,1,0,2,0
483,EurAm,1,5,2,3,1,1,0,0,1,0
484,EurAm,2,3,1,0,1,1,1,0,1,0
485,EurAm,2,3,2,1,1,0,0,1,0,1
486,EurAm,3,4,2,0,2,1,1,0,1,0
487,EurAm,2,3,2,1,1,1,0,0,1,0
488,EurAm,2,4,1,1,1,1,1,0,1,0
489,EurAm,2,3,2,2,1,0,1,1,1,0
490,EurAm,3,4,1,1,1,0,0,1,1,1
491,EurAm,2,2,2,2,1,1,0,0,2,0
492,EurAm,3,3,2,0,2,3,1,0,1,1
493,EurAm,2,3,2,1,1,1,1,1,1,0
494,EurAm,3,3,2,1,1,1,0,0,1,1
495,EurAm,1,3,2,1,1,1,0,0,1,0
496,EurAm,1,3,2,0,2,1,0,0,1,0
497,EurAm,1,3,1,2,2,0,0,0,1,1
498,EurAm,2,4,2,1,1,1,1,0,1,0
499,EurAm,3,3,2,0,1,1,0,1,1,0
500,EurAm,2,5,2,0,1,0,0,0,1,0
501,EurAm,2,4,1,1,1,1,1,1,1,0
502,EurAm,2,4,2,1,1,1,0,0,1,0
503,EurAm,3,4,2,0,2,1,0,0,1,0
504,EurAm,2,3,2,1,2,2,1,0,1,1
505,EurAm,2,3,2,1,1,1,0,0,1,0
506,EurAm,1,3,2,1,1,1,1,1,1,1
507,EurAm,2,5,2,1,2,1,0,1,1,0
508,EurAm,2,4,2,0,1,1,0,1,1,0
509,EurAm,2,3,2,2,1,1,0,0,1,0
510,EurAm,1,3,1,1,1,1,0,1,1,0
511,EurAm,1,3,1,1,1,1,1,0,1,0
512,EurAm,1,4,2,1,1,3,0,0,1,0
513,EurAm,1,3,2,1,2,1,0,0,1,0
514,EurAm,2,3,2,0,1,1,1,1,1,0
515,EurAm,1,4,2,1,2,4,0,0,1,1
516,EurAm,3,5,2,1,1,1,0,0,1,1
517,EurAm,2,4,2,1,2,1,1,0,1,0
518,EurAm,2,3,2,2,2,1,1,0,1,1
519,EurAm,1,3,2,1,1,0,0,0,1,0
520,EurAm,2,5,2,0,1,1,0,0,1,0
521,EurAm,2,4,2,1,1,2,1,0,1,0
522,EurAm,2,4,2,2,2,1,1,1,1,0
523,EurAm,2,3,1,0,1,1,0,1,1,0
524,EurAm,2,4,2,0,1,1,0,0,0,0
525,EurAm,2,4,1,1,1,1,0,0,0,1
526,EurAm,1,4,2,1,1,1,0,0,1,0
527,EurAm,1,4,2,1,1,0,1,0,1,0
528,EurAm,1,3,2,0,1,1,1,0,1,0
529,EurAm,1,4,2,1,2,3,0,0,1,1
530,EurAm,3,5,1,1,1,3,1,0,2,1
531,EurAm,3,5,2,2,2,3,0,1,2,2
532,EurAm,3,4,2,1,1,1,0,0,1,0
533,EurAm,1,4,1,1,2,1,0,1,3,0
534,EurAm,3,5,1,1,1,4,0,0,1,1
535,EurAm,3,4,1,3,3,1,0,0,1,2
536,EurAm,2,4,2,2,1,3,0,0,2,2
537,EurAm,3,3,2,1,2,1,1,0,1,1
538,EurAm,2,4,2,0,2,3,1,0,1,1
539,EurAm,2,4,3,3,3,1,0,1,2,2
540,EurAm,1,4,3,0,3,1,1,0,1,0
541,EurAm,3,5,3,1,2,3,1,0,2,2
542,EurAm,3,4,1,1,1,2,0,0,1,1
543,EurAm,2,4,2,2,1,1,1,0,1,1
544,EurAm,3,5,1,2,1,1,1,0,2,2
545,EurAm,3,3,2,1,1,4,0,0,1,2
546,EurAm,3,3,1,1,1,1,0,0,1,1
547,EurAm,2,3,2,1,1,3,0,0,1,0
548,EurAm,3,3,2,2,1,1,0,0,1,1
549,EurAm,2,4,1,2,1,4,1,0,2,2
550,EurAm,2,4,3,1,2,3,1,1,2,1
551,EurAm,2,3,2,2,2,3,1,0,2,0
552,EurAm,3,4,3,3,2,3,1,1,3,2
553,EurAm,2,4,2,1,2,4,0,1,1,1
554,EurAm,2,5,3,0,3,3,0,1,1,2
555,EurAm,2,3,2,1,2,1,0,0,1,1
556,EurAm,1,3,2,0,2,3,0,0,1,0
557,EurAm,2,4,2,1,2,1,1,1,1,1
558,EurAm,2,4,2,1,1,2,1,0,2,2
559,EurAm,2,3,2,1,1,1,1,0,1,0
560,EurAm,2,4,2,1,2,3,0,1,1,1
561,EurAm,2,4,2,1,3,1,1,1,1,1
562,EurAm,2,4,2,1,1,1,1,0,1,1
563,EurAm,2,2,1,0,1,1,0,0,1,0
564,EurAm,2,3,1,1,1,3,0,0,1,0
565,EurAm,2,5,2,1,1,3,1,0,2,1
566,EurAm,1,3,2,1,1,1,0,0,1,0
567,EurAm,2,4,2,1,1,1,0,0,1,0
568,EurAm,1,3,1,0,2,1,0,0,1,0
569,EurAm,1,3,1,0,2,1,0,0,0,0
570,EurAm,2,4,2,1,2,3,0,0,2,1
571,EurAm,2,4,1,1,1,4,0,0,2,1
572,EurAm,2,3,2,1,2,1,0,0,1,0
573,EurAm,3,5,2,2,1,1,1,0,1,0
574,EurAm,2,4,2,2,2,4,1,0,2,2
575,EurAm,3,4,1,0,2,3,0,1,2,0
576,EurAm,3,3,2,0,2,1,1,0,1,0
577,EurAm,2,3,2,0,2,4,1,0,1,1
578,EurAm,2,3,2,1,2,2,1,0,1,0
579,EurAm,2,2,2,0,2,1,1,1,1,1
580,EurAm,2,3,2,1,1,1,0,1,1,0
581,EurAm,3,4,1,0,1,4,1,1,1,2
582,EurAm,2,4,2,1,3,3,0,0,1,0
583,EurAm,2,4,2,1,2,1,0,0,1,1
584,EurAm,2,3,2,1,1,1,1,0,1,1
585,EurAm,2,3,2,0,1,1,0,1,1,0
586,EurAm,3,3,2,1,1,3,0,1,1,0
587,EurAm,2,3,2,2,1,4,0,1,1,0
588,EurAm,3,3,2,1,1,4,0,1,2,1
589,EurAm,2,4,1,2,1,1,0,0,1,0
590,EurAm,2,4,1,1,3,4,1,1,1,1
591,EurAm,3,3,2,1,1,1,1,0,1,0
592,EurAm,2,3,2,1,1,2,1,0,1,1
593,EurAm,3,5,1,2,1,3,0,0,1,1
594,EurAm,2,3,2,1,2,1,1,0,1,0
595,EurAm,2,3,2,2,1,3,0,0,1,0
596,EurAm,2,2,1,1,1,3,1,1,1,1
597,EurAm,2,3,1,1,1,4,1,1,1,0
598,EurAm,1,3,1,0,1,3,0,0,1,0
599,EurAm,2,4,2,2,2,1,0,1,1,1
600,EurAm,2,3,2,2,1,1,1,1,2,0
601,EurAm,2,2,2,1,2,3,0,0,1,1
602,EurAm,3,4,2,1,1,0,1,0,1,1
603,EurAm,3,5,2,0,1,1,1,1,1,0
604,EurAm,2,3,2,0,1,1,1,0,1,1
605,EurAm,3,3,2,0,2,1,0,0,1,0
606,EurAm,2,2,1,1,1,3,0,1,1,2
607,EurAm,2,4,1,1,2,4,1,0,1,1
608,EurAm,3,4,2,1,1,3,1,1,1,0
609,EurAm,2,4,2,1,1,3,0,1,2,2
610,EurAm,3,5,2,0,2,3,0,1,1,2
611,EurAm,2,2,1,1,2,4,1,0,3,2
612,EurAm,2,4,1,2,2,4,1,0,2,2
613,EurAm,3,3,1,1,1,3,1,1,1,1
614,EurAm,3,4,2,2,2,3,1,1,1,0
615,EurAm,2,5,1,2,2,3,1,0,2,2
616,EurAm,2,3,1,2,2,3,0,1,2,2
617,EurAm,3,4,2,1,2,3,0,0,1,2
618,EurAm,3,5,1,2,1,4,0,0,2,2
619,EurAm,2,5,2,0,1,1,1,0,1,0
620,EurAm,2,3,1,0,1,3,1,0,1,0
621,EurAm,1,4,1,1,2,3,0,1,1,0
622,EurAm,2,4,1,1,1,1,0,0,1,0
623,EurAm,2,3,1,1,1,1,1,0,1,1
624,EurAm,2,3,2,1,2,1,0,0,1,1
625,EurAm,2,3,2,2,2,0,0,1,1,2
626,EurAm,2,4,2,1,2,3,0,0,1,1
627,EurAm,3,4,2,1,1,1,0,0,1,0
628,EurAm,2,3,1,1,1,1,1,0,1,1
629,EurAm,2,5,2,1,1,3,1,0,1,0
630,EurAm,2,3,1,0,2,2,1,1,2,1
631,EurAm,2,3,2,1,3,1,0,1,1,1
632,EurAm,3,3,2,0,1,3,1,0,1,1
633,EurAm,2,3,2,1,2,2,0,0,1,1
634,EurAm,3,4,1,2,2,3,0,0,2,0
635,EurAm,2,3,1,2,1,1,1,1,1,1
636,EurAm,1,4,2,1,1,3,0,1,0,1
637,EurAm,2,3,1,1,1,3,1,1,1,1
638,EurAm,3,4,2,1,1,1,0,0,1,1
639,EurAm,2,3,2,1,2,3,0,0,0,0
640,EurAm,2,3,2,1,2,1,0,0,1,0
641,EurAm,2,4,2,1,2,1,0,0,3,1
642,EurAm,1,3,1,1,1,3,1,0,1,0
643,EurAm,1,3,2,1,2,1,1,0,1,1
644,EurAm,2,4,2,2,2,3,0,0,2,2
645,EurAm,2,3,2,0,1,4,0,0,1,0
646,EurAm,2,4,2,0,1,1,1,0,1,2
647,EurAm,1,2,2,2,1,2,1,0,1,1
648,EurAm,2,4,2,1,2,3,1,1,1,0
649,EurAm,2,4,2,0,2,1,1,0,2,0
650,EurAm,1,2,2,1,2,1,0,0,1,1
651,EurAm,3,3,2,1,1,3,0,1,1,1
652,EurAm,1,3,1,1,1,3,1,0,1,1
653,EurAm,2,4,2,1,2,1,1,1,1,0
654,EurAm,3,3,2,1,2,1,1,1,1,0
655,EurAm,1,3,2,2,1,1,0,1,1,1
656,EurAm,2,4,2,0,2,3,0,0,2,1
657,EurAm,2,3,2,0,2,1,1,0,2,0
658,EurAm,2,3,2,1,1,1,1,1,1,1
659,EurAm,2,3,2,2,1,1,1,0,1,0
660,EurAm,2,3,2,2,2,1,0,0,1,0
661,EurAm,2,3,2,1,1,1,1,0,2,1
662,EurAm,2,3,2,1,1,1,1,0,1,0
663,EurAm,2,3,2,1,2,3,0,1,1,2
664,EurAm,2,4,1,1,1,2,0,1,1,1
665,EurAm,2,4,2,0,2,1,1,0,1,1
666,EurAm,2,1,2,1,2,1,0,0,1,0
667,EurAm,2,3,2,2,1,2,1,0,1,1
668,EurAm,3,3,1,1,1,1,0,0,1,1
669,EurAm,3,4,2,1,2,1,0,1,1,0
670,EurAm,3,3,2,1,1,1,0,0,1,0
671,EurAm,1,3,1,2,1,1,1,0,1,0
672,EurAm,1,2,2,1,1,0,1,1,1,0
673,EurAm,1,3,1,1,1,4,0,1,1,1
674,EurAm,3,5,2,1,2,3,1,1,1,0
675,EurAm,3,4,1,1,1,1,0,1,1,1
676,EurAm,3,5,2,0,2,1,1,0,3,1
677,EurAm,2,5,2,0,2,4,0,0,1,0
678,EurAm,3,4,1,2,1,3,0,1,2,1
679,EurAm,1,3,1,1,1,1,0,1,1,1
680,EurAm,1,4,2,1,1,3,0,1,1,1
681,EurAm,2,3,2,0,2,2,1,0,1,0
682,EurAm,2,3,2,0,1,1,1,1,2,1
683,EurAm,3,4,1,3,1,4,0,1,3,1
684,EurAm,2,4,1,1,2,4,0,1,1,0
685,EurAm,2,4,1,1,2,3,0,1,1,2
686,EurAm,2,4,2,2,3,4,1,0,1,2
687,EurAm,2,2,2,2,3,4,0,1,1,2
688,EurAm,1,3,1,1,3,3,0,1,2,2
689,EurAm,3,5,1,1,1,1,0,0,0,0
690,EurAm,1,3,2,1,1,2,0,1,1,0
691,EurAm,1,3,1,1,1,1,1,0,0,1
692,EurAm,2,3,2,1,1,1,1,1,2,1
693,EurAm,3,5,2,2,2,4,1,0,1,0
694,EurAm,2,3,1,1,1,3,0,0,1,0
695,EurAm,2,3,1,0,1,3,1,1,1,0
696,EurAm,3,3,1,2,1,1,1,0,1,0
697,EurAm,1,3,2,1,1,2,1,0,1,0
698,EurAm,1,3,2,1,1,1,1,0,1,1
699,EurAm,2,4,2,1,1,1,0,1,2,0
700,EurAm,2,4,2,2,1,1,1,0,2,1
701,EurAm,1,2,2,1,1,0,0,1,1,1
702,EurAm,1,3,2,2,1,1,0,0,1,0
703,EurAm,2,4,2,1,1,0,0,0,1,1
704,EurAm,2,3,1,1,2,3,0,0,3,2
705,EurAm,2,3,2,1,2,1,0,0,1,0
706,EurAm,1,3,2,0,1,1,1,0,1,1
707,EurAm,2,3,1,2,1,1,0,0,0,1
708,EurAm,2,3,3,1,1,3,1,0,1,1
709,EurAm,2,3,1,0,1,1,0,0,1,1
710,EurAm,1,2,1,1,1,0,0,1,1,1
711,EurAm,3,5,2,1,2,1,0,0,1,1
712,EurAm,1,3,2,0,1,1,0,0,1,1
713,EurAm,3,3,2,0,1,1,0,1,1,0
714,EurAm,3,3,2,1,2,3,0,1,1,1
715,EurAm,2,4,2,1,2,1,0,0,1,1
716,EurAm,2,3,2,2,1,0,0,0,1,1
717,EurAm,3,4,2,1,1,1,1,0,1,0
718,EurAm,1,4,2,1,1,1,1,1,1,0
719,EurAm,1,4,1,0,2,1,1,1,1,0
720,EurAm,1,5,2,2,1,0,0,0,1,1
721,EurAm,2,3,2,1,1,1,0,1,1,1
722,EurAm,2,4,2,1,1,1,1,0,0,0
723,EurAm,1,4,1,0,1,4,0,0,1,0
724,EurAm,2,3,2,0,2,1,0,0,1,1
725,EurAm,3,3,2,2,2,1,0,1,1,1
726,EurAm,2,5,2,2,1,2,1,0,1,1
727,EurAm,2,3,1,1,1,1,0,0,2,1
728,EurAm,3,3,2,3,2,1,1,0,2,0
729,EurAm,3,4,2,1,1,1,1,0,1,1
730,EurAm,1,4,2,1,1,4,0,0,1,0
731,EurAm,3,5,1,1,1,0,0,0,1,0
732,EurAm,2,3,2,1,2,1,0,0,1,1
733,EurAm,2,3,1,2,1,0,1,1,1,0
734,EurAm,2,3,2,1,1,1,1,1,1,2
735,EurAm,1,3,1,1,1,3,1,0,1,0
736,EurAm,3,4,2,1,1,1,0,0,1,0
737,EurAm,1,3,1,1,1,1,0,1,1,0
738,EurAm,2,5,2,1,1,1,0,0,1,0
739,EurAm,2,3,3,1,2,1,0,0,1,1
740,EurAm,1,3,3,2,1,1,0,1,1,1
741,EurAm,1,3,2,1,1,0,0,0,1,1
742,EurAm,3,4,2,1,1,1,0,0,1,0
743,EurAm,2,3,2,1,2,1,0,0,0,0
744,EurAm,1,4,1,2,1,1,0,1,1,0
745,EurAm,2,2,1,1,1,1,0,1,1,0
746,EurAm,2,4,2,1,2,1,1,1,1,0
747,EurAm,1,4,2,0,1,1,1,0,1,0
748,EurAm,2,4,2,1,2,3,0,0,2,0
749,EurAm,3,4,2,1,2,1,1,1,1,0
750,EurAm,1,3,2,1,2,0,0,1,1,0
751,EurAm,3,3,2,1,1,2,1,0,1,1
752,EurAm,2,3,2,1,2,0,1,0,1,0
753,EurAm,3,3,1,1,1,1,1,0,1,1
754,EurAm,3,4,2,1,1,0,1,0,1,0
755,EurAm,3,4,2,0,1,1,1,1,2,1
756,EurAm,2,3,2,1,2,2,1,0,1,1
757,EurAm,3,4,2,1,1,2,1,0,1,1
758,EurAm,2,4,2,2,1,3,0,0,2,1
759,EurAm,3,4,2,1,2,0,1,0,1,1
760,EurAm,1,3,2,1,1,3,1,0,0,1
761,EurAm,1,3,2,1,1,3,0,1,1,1
762,EurAm,1,3,2,2,1,0,1,1,1,1
763,EurAm,1,4,2,0,1,2,1,0,1,0
764,EurAm,2,3,2,1,1,2,1,1,3,0
765,EurAm,2,2,3,2,2,4,0,0,2,0
766,EurAm,1,4,1,0,1,3,1,1,1,0
767,EurAm,3,5,1,2,1,3,0,0,1,2
768,EurAm,3,3,2,1,1,3,1,0,1,0
769,EurAm,1,5,1,2,1,4,1,0,1,0
770,EurAm,1,3,1,0,3,3,1,0,1,0
771,EurAm,3,3,2,0,1,1,1,0,1,1
772,EurAm,3,3,2,2,1,2,0,0,1,0
773,EurAm,2,3,1,2,1,1,0,0,1,1
774,EurAm,2,4,1,2,2,4,1,0,2,1
775,EurAm,2,4,2,2,2,3,0,1,2,2
776,EurAm,3,3,3,1,2,3,1,1,2,1
777,EurAm,3,3,3,1,1,3,0,0,3,2
778,EurAm,2,4,2,1,2,4,1,0,3,2
779,EurAm,1,4,1,0,1,1,0,0,1,1
780,EurAm,2,3,1,0,1,4,0,0,1,0
781,EurAm,2,5,2,0,1,4,1,0,3,2
782,EurAm,1,4,2,3,1,1,0,0,2,1
783,EurAm,2,4,2,0,2,4,0,0,1,1
784,EurAm,1,3,2,1,2,2,0,0,2,1
785,EurAm,2,3,2,1,1,1,0,0,0,0
786,EurAm,2,4,2,1,2,4,1,0,2,1
787,EurAm,1,3,2,1,1,0,0,0,1,1
788,EurAm,2,3,2,1,1,3,0,0,1,1
789,EurAm,1,4,2,1,1,1,0,0,1,1
790,EurAm,1,5,2,0,1,1,0,0,3,1
791,EurAm,2,3,2,3,1,1,1,0,1,1
792,EurAm,3,3,1,2,1,1,0,1,2,1
793,EurAm,2,4,1,2,1,1,0,0,1,0
794,EurAm,2,4,1,2,1,2,1,0,1,0
795,EurAm,1,3,2,0,2,1,1,0,1,0
796,EurAm,3,5,1,1,1,1,0,0,1,0
797,EurAm,1,3,2,1,1,1,1,0,0,0
798,EurAm,1,4,1,1,1,1,0,0,0,0
799,EurAm,1,3,2,2,1,1,0,0,1,1
800,EurAm,2,3,1,1,1,1,1,0,1,0
801,EurAm,2,4,2,1,1,1,1,0,1,0
802,EurAm,2,4,1,1,1,4,1,0,0,1
803,EurAm,3,5,2,0,1,1,0,0,1,1
804,EurAm,1,3,2,1,1,1,1,1,1,0
805,EurAm,1,3,2,2,1,1,1,0,1,1
806,EurAm,2,3,1,2,1,1,1,1,1,0
807,EurAm,3,4,2,1,1,1,0,0,2,0
808,EurAm,3,4,2,2,2,1,0,0,1,1
809,EurAm,2,4,1,1,1,3,1,1,1,1
810,EurAm,1,4,2,0,1,0,0,0,1,0
811,EurAm,2,4,2,1,2,3,1,0,2,0
812,EurAm,2,3,2,1,2,1,1,0,1,0
813,EurAm,2,4,1,0,1,4,1,0,2,0
814,EurAm,2,3,1,0,2,1,1,1,2,0
815,EurAm,2,3,2,1,1,1,0,0,1,1
816,EurAm,3,3,2,0,2,3,1,0,1,1
817,EurAm,3,4,2,1,1,3,1,0,1,1
818,EurAm,3,3,1,1,1,3,1,0,1,0
819,EurAm,1,3,1,1,1,3,0,0,2,0
820,EurAm,2,3,2,2,2,4,0,1,1,1
821,EurAm,3,3,2,1,1,1,0,0,1,0
822,EurAm,3,5,2,3,1,1,1,0,1,0
823,EurAm,1,3,2,1,1,3,1,1,1,0
824,EurAm,2,5,2,1,1,1,0,0,1,1
825,EurAm,2,3,2,0,1,3,1,1,1,0
826,EurAm,2,4,1,0,1,3,1,0,1,1
827,EurAm,2,3,2,2,1,3,0,0,1,0
828,EurAm,3,4,2,0,1,1,0,1,2,1
829,EurAm,2,4,2,2,2,3,0,0,1,0
830,EurAm,2,3,2,2,1,1,0,0,2,0
831,EurAm,3,4,2,2,1,1,0,0,1,1
832,EurAm,2,4,2,1,1,1,0,0,1,0
833,EurAm,2,3,2,1,1,2,0,0,1,1
834,EurAm,3,3,2,2,1,1,0,0,1,0
835,EurAm,3,5,2,1,1,2,1,0,1,0
836,EurAm,3,5,2,1,1,3,0,1,1,1
837,EurAm,3,5,2,1,2,0,0,1,1,0
838,EurAm,1,5,2,1,1,0,1,0,1,1
839,EurAm,1,3,2,1,1,4,0,0,1,0
840,EurAm,2,3,2,1,1,1,1,1,1,1
841,EurAm,1,3,1,1,1,4,1,0,1,1
842,EurAm,2,3,2,1,1,1,0,0,1,0
843,EurAm,1,3,2,1,2,1,0,0,2,0
844,EurAm,2,3,2,1,1,3,1,0,1,0
845,EurAm,1,2,1,3,2,4,0,0,2,2
846,EurAm,3,2,2,1,1,2,0,0,1,1
847,EurAm,3,3,2,1,1,4,1,0,2,1
848,EurAm,3,3,2,2,2,3,0,0,2,2
849,EurAm,1,3,2,1,1,3,0,0,0,0
850,EurAm,1,3,2,2,1,4,0,0,1,1
851,EurAm,1,3,2,3,1,4,1,0,1,2
852,EurAm,3,3,3,2,3,0,0,0,1,2
853,EurAm,3,3,2,1,2,3,1,1,2,2
854,EurAm,2,2,2,1,1,4,1,0,1,2
855,EurAm,2,3,2,3,1,2,0,0,2,0
856,EurAm,3,3,2,1,1,1,1,0,2,2
857,EurAm,1,3,2,1,2,3,1,0,2,0
858,EurAm,1,3,3,1,3,3,1,0,3,2
859,EurAm,3,4,2,1,1,0,0,0,3,2
860,EurAm,3,4,2,1,2,3,1,0,1,2
861,EurAm,1,3,2,2,1,3,0,1,1,0
862,EurAm,2,4,2,1,1,4,0,0,1,0
863,EurAm,1,3,2,1,2,4,1,0,1,1
864,EurAm,2,2,2,1,2,0,0,0,1,2
865,EurAm,2,2,1,2,2,4,1,0,3,2
866,EurAm,2,4,2,2,1,4,1,0,1,2
867,EurAm,3,4,2,2,1,3,1,0,1,0
868,EurAm,2,2,2,1,1,3,0,0,2,1
869,EurAm,2,3,2,1,1,4,1,0,2,1
870,EurAm,1,2,2,2,2,2,1,0,1,1
871,EurAm,2,3,2,1,1,3,1,0,1,1
872,EurAm,3,4,2,3,1,3,1,0,1,2
873,EurAm,1,3,1,2,1,1,1,0,2,1
874,EurAm,3,4,1,2,1,2,0,0,1,1
875,EurAm,2,4,2,3,1,4,0,0,1,1
876,EurAm,3,4,2,2,1,2,1,0,1,1
877,EurAm,3,3,1,1,2,3,0,0,1,2
878,EurAm,2,3,2,3,1,2,0,0,2,1
879,EurAm,1,2,2,1,3,4,0,0,2,2
880,EurAm,3,4,2,2,1,4,0,1,2,1
881,EurAm,2,4,1,2,2,3,1,0,3,1
882,EurAm,3,4,2,3,1,3,1,0,1,0
883,EurAm,3,3,1,2,1,4,1,0,2,1
884,EurAm,2,1,2,1,1,2,1,0,2,0
885,EurAm,2,4,1,1,1,4,0,0,1,2
886,EurAm,3,3,2,1,1,4,0,0,1,2
887,EurAm,3,3,2,3,1,4,0,1,2,1
888,EurAm,1,2,2,2,2,1,0,0,1,1
889,EurAm,1,4,1,1,2,4,0,0,2,2
890,EurAm,3,4,2,3,1,3,0,0,1,1
891,EurAm,1,1,1,3,2,2,0,1,2,2
892,EurAm,1,4,2,1,3,1,1,1,1,2
893,EurAm,2,3,1,2,1,3,1,0,1,0
894,EurAm,1,2,1,3,2,1,0,1,3,2
895,EurAm,1,3,3,1,3,1,1,0,1,1
896,EurAm,3,3,2,1,2,3,0,1,1,2
897,EurAm,2,1,2,1,3,2,0,0,2,1
898,EurAm,1,3,2,1,1,4,0,0,1,2
899,EurAm,3,4,2,1,1,4,0,0,2,1
900,EurAm,2,4,2,3,1,2,1,1,1,2
901,EurAm,2,4,2,3,1,3,0,0,2,2
902,EurAm,3,4,1,1,2,4,1,0,1,2
903,EurAm,2,3,1,2,1,1,1,0,2,2
904,EurAm,2,3,1,1,2,3,0,0,1,1
905,EurAm,2,3,2,1,1,3,0,0,2,1
906,EurAm,3,3,2,3,1,4,1,0,1,2
907,EurAm,3,3,2,1,1,4,0,0,2,2
908,EurAm,1,2,2,2,2,4,0,0,1,2
909,EurAm,3,4,1,1,2,4,1,1,1,0
910,EurAm,3,3,2,2,2,0,0,0,2,1
911,EurAm,3,4,2,1,1,3,0,0,1,1
912,EurAm,1,3,2,1,2,3,0,0,1,2
913,EurAm,3,2,1,1,2,3,0,0,1,1
914,EurAm,1,3,3,2,3,0,1,0,1,1
915,EurAm,2,4,1,3,2,3,1,0,2,2
916,EurAm,1,3,2,2,3,3,0,0,2,1
917,EurAm,2,3,2,2,2,4,1,0,2,2
918,EurAm,2,4,2,2,1,4,0,1,1,1
919,EurAm,2,3,1,1,2,1,0,1,1,2
920,EurAm,3,4,2,1,1,4,0,0,1,0
921,EurAm,2,3,2,3,2,2,0,0,1,2
922,EurAm,1,2,1,2,2,4,0,1,2,2
923,EurAm,3,4,2,1,1,4,1,0,1,2
924,EurAm,3,4,1,1,2,3,1,1,1,1
925,EurAm,1,4,2,3,3,3,1,0,1,1
926,EurAm,3,3,1,2,1,3,1,1,1,0
927,EurAm,3,2,1,1,1,2,0,0,2,2
928,EurAm,1,3,3,1,3,1,1,1,1,1
929,EurAm,3,3,2,1,1,4,0,1,1,1
930,EurAm,2,3,3,1,3,1,0,0,1,1
931,EurAm,3,3,2,1,1,3,0,0,1,2
932,EurAm,1,4,2,3,1,2,1,0,1,1
933,EurAm,3,3,1,1,2,1,1,0,1,1
934,EurAm,2,4,2,1,2,2,0,1,1,0
935,EurAm,3,4,2,3,1,2,1,0,1,2
936,EurAm,3,2,1,2,1,1,1,0,2,2
937,EurAm,3,4,2,1,2,2,0,0,1,1
938,EurAm,1,3,1,1,1,4,1,0,1,0
939,EurAm,1,3,2,1,1,4,1,1,2,1
940,EurAm,3,3,1,2,2,2,1,1,1,2
941,EurAm,2,4,2,1,2,1,1,0,1,2
942,EurAm,1,2,2,1,1,3,1,0,2,1
943,EurAm,2,2,1,3,1,2,1,1,1,0
944,EurAm,3,2,1,1,2,0,0,0,2,1
945,EurAm,1,3,2,1,1,1,0,0,3,1
946,EurAm,3,2,1,1,2,1,0,1,1,2
947,EurAm,2,4,1,2,1,1,1,0,1,1
948,EurAm,3,3,1,2,2,2,0,0,1,1
949,EurAm,3,3,1,2,2,4,0,1,1,2
950,EurAm,3,4,2,1,3,3,0,0,2,0
951,EurAm,1,4,1,1,2,4,0,0,2,1
952,EurAm,2,3,2,1,1,1,0,0,1,2
953,EurAm,1,4,1,3,1,2,0,0,1,2
954,EurAm,2,3,2,2,1,4,0,0,2,1
955,EurAm,1,4,2,1,1,4,0,0,2,2
956,EurAm,1,3,1,2,1,4,1,0,2,1
957,EurAm,2,2,1,1,2,3,1,0,2,2
958,EurAm,2,4,2,1,2,3,0,0,1,2
959,EurAm,1,3,1,1,1,3,1,0,1,0
960,EurAm,1,2,2,1,1,4,0,0,2,1
961,EurAm,2,3,2,2,1,2,0,0,1,2
962,EurAm,2,2,2,2,3,1,0,0,2,2
963,EurAm,3,3,2,3,1,4,0,0,1,1
964,EurAm,2,2,2,2,1,4,0,1,1,2
965,EurAm,2,3,2,1,1,4,1,1,2,2
966,EurAm,1,2,1,2,2,3,0,0,2,2
967,EurAm,1,4,2,3,2,1,1,0,2,2
968,EurAm,1,2,2,1,2,4,0,0,1,1
969,EurAm,1,2,2,1,1,4,0,1,1,1
970,EurAm,1,4,2,3,1,4,0,1,1,2
971,EurAm,2,4,2,1,1,4,0,0,1,2
972,EurAm,2,3,2,1,1,3,1,0,1,2
973,EurAm,1,3,2,2,1,2,1,0,2,1
974,EurAm,2,4,2,1,2,1,0,0,1,2
975,EurAm,2,3,2,1,1,3,0,0,1,2
976,EurAm,2,3,1,2,1,1,0,0,2,1
977,EurAm,3,3,1,1,1,1,0,0,1,1
978,EurAm,2,3,1,1,1,1,0,0,1,1
979,EurAm,1,3,2,2,1,4,1,1,1,0
980,EurAm,2,3,2,2,1,0,0,1,2,0
981,EurAm,2,3,1,1,2,1,0,1,2,1
982,EurAm,1,4,1,1,2,1,1,0,1,1
983,EurAm,2,1,1,1,2,1,0,0,1,2
984,EurAm,1,3,1,3,1,3,0,0,1,1
985,EurAm,1,2,1,2,2,1,1,0,1,0
986,EurAm,2,2,1,1,2,1,1,0,1,0
987,EurAm,1,2,1,1,2,1,1,0,1,2
988,EurAm,2,3,1,2,2,3,0,0,2,2
989,EurAm,1,3,1,2,2,1,0,1,1,1
990,EurAm,2,3,2,1,1,1,0,1,1,0
991,EurAm,2,3,2,1,1,1,1,0,1,1
992,EurAm,1,3,1,1,3,1,1,0,2,1
993,EurAm,1,3,2,1,2,1,0,1,1,0
994,EurAm,1,1,2,2,2,0,0,0,1,2
995,EurAm,2,3,2,1,2,4,1,1,2,1
996,EurAm,1,2,1,1,2,1,0,0,1,2
997,EurAm,2,3,2,2,1,1,0,0,2,2
998,EurAm,2,3,2,1,1,1,0,0,1,0
999,EurAm,2,2,2,1,1,1,0,0,2,0
1000,EurAm,2,3,1,1,2,1,0,0,3,0
1001,EurAm,1,3,1,1,2,1,1,0,3,0
1002,EurAm,2,3,2,1,2,1,0,1,1,0
1003,EurAm,1,3,1,1,2,3,1,0,1,0
1004,EurAm,2,3,1,1,2,1,0,0,1,1
1005,EurAm,2,3,2,1,1,3,0,0,1,1
1006,EurAm,1,3,2,2,2,1,0,0,1,1
1007,EurAm,2,3,1,1,1,3,0,0,1,0
1008,EurAm,1,3,1,1,2,1,1,0,1,2
1009,EurAm,2,3,2,1,1,1,0,0,1,0
1010,EurAm,2,2,2,1,2,1,1,0,2,0
1011,EurAm,2,2,2,1,1,1,1,0,2,1
1012,EurAm,1,3,1,1,1,1,0,0,2,0
1013,EurAm,2,3,1,1,2,4,0,1,1,0
1014,EurAm,2,3,1,1,2,1,0,1,1,0
1015,EurAm,1,3,1,2,1,3,1,0,2,1
1016,EurAm,1,3,1,2,2,1,1,0,1,1
1017,EurAm,1,3,1,1,2,4,1,1,1,2
1018,EurAm,2,3,2,2,1,1,1,0,1,1
1019,EurAm,2,3,1,1,1,1,0,0,1,0
1020,EurAm,2,3,2,1,1,1,1,0,2,0
1021,EurAm,1,3,1,1,1,1,0,1,1,1
1022,EurAm,2,3,2,1,1,1,1,1,1,1
1023,EurAm,2,3,2,1,1,1,1,0,3,0
1024,EurAm,1,3,1,2,1,1,1,0,1,0
1025,EurAm,2,3,2,1,1,4,1,0,1,0
1026,EurAm,2,3,1,1,1,1,1,0,1,1
1027,EurAm,2,4,2,2,1,1,0,0,0,0
1028,EurAm,1,2,1,2,1,0,0,1,1,2
1029,EurAm,2,3,1,1,2,4,1,1,3,0
1030,EurAm,1,3,1,1,2,1,0,1,2,1
1031,EurAm,2,3,1,1,1,1,0,0,1,0
1032,EurAm,2,3,2,1,2,1,1,0,1,0
1033,EurAm,2,3,2,1,1,1,1,0,2,0
1034,EurAm,1,3,2,1,2,1,0,0,1,1
1035,EurAm,2,3,2,1,1,1,0,0,1,0
1036,EurAm,2,2,1,1,1,3,0,0,1,1
1037,EurAm,1,3,1,1,1,1,0,0,0,1
1038,EurAm,1,3,1,1,1,1,0,0,1,0
1039,EurAm,2,3,1,1,1,1,0,0,0,0
1040,EurAm,2,3,1,1,2,1,1,0,1,0
1041,EurAm,2,3,1,1,1,1,0,0,1,0
1042,EurAm,1,2,3,1,2,3,1,0,0,0
1043,EurAm,1,2,1,2,1,1,1,0,1,1
1044,EurAm,1,3,3,1,1,1,0,1,1,1
1045,EurAm,2,2,1,2,1,1,0,1,1,1
1046,EurAm,2,3,2,3,2,1,1,1,3,0
1047,EurAm,2,3,2,2,1,4,1,0,2,2
1048,EurAm,2,3,1,1,1,4,1,0,2,0
1049,EurAm,1,3,1,1,1,1,0,0,1,1
1050,EurAm,2,3,2,2,2,0,0,1,2,0
1051,EurAm,1,3,1,2,1,3,1,0,1,2
1052,EurAm,2,3,2,2,2,1,0,0,1,2
1053,EurAm,2,3,1,1,1,1,0,0,1,1
1054,EurAm,1,3,1,1,1,1,0,0,0,0
1055,EurAm,2,3,1,2,2,1,0,0,1,0
1056,EurAm,3,3,1,2,1,3,0,0,1,1
1057,EurAm,2,3,1,1,1,1,1,1,1,1
1058,EurAm,2,3,1,1,2,3,0,0,2,1
1059,EurAm,1,3,1,2,1,1,0,0,1,0
1060,EurAm,1,3,1,2,2,3,1,0,1,1
1061,EurAm,2,2,1,1,2,1,0,0,3,1
1062,EurAm,3,3,1,1,1,1,0,0,1,1
1063,EurAm,2,3,1,2,1,0,1,0,1,2
1064,EurAm,2,3,2,2,2,1,0,0,1,1
1065,EurAm,1,4,2,1,2,3,1,1,1,0
1066,EurAm,2,3,1,1,1,1,0,1,1,1
1067,EurAm,1,3,2,2,1,1,1,0,1,0
1068,EurAm,1,3,3,2,2,4,1,1,0,0
1069,EurAm,2,3,1,2,1,3,0,0,1,1
1070,EurAm,2,3,1,1,2,3,0,0,1,1
1071,EurAm,2,3,1,1,2,1,0,1,1,1
1072,EurAm,2,3,1,1,2,1,0,0,0,0
1073,EurAm,2,3,1,1,1,4,0,1,1,1
1074,EurAm,1,2,1,1,1,1,0,0,1,0
1075,EurAm,2,3,1,0,1,3,0,0,1,1
1076,EurAm,2,3,1,1,1,1,0,0,1,1
1077,EurAm,2,3,1,1,1,3,1,0,0,1
1078,EurAm,2,3,1,1,2,1,1,0,1,0
1079,EurAm,2,3,2,1,2,1,1,0,1,0
1080,EurAm,2,3,1,1,1,1,1,0,1,1
1081,EurAm,2,3,1,1,1,4,1,1,1,0
1082,EurAm,2,3,1,2,1,1,0,0,3,0
1083,EurAm,2,3,2,1,1,1,1,0,2,0
1084,EurAm,2,2,1,1,2,3,0,0,1,2
1085,EurAm,1,3,2,1,1,1,1,0,3,0
1086,EurAm,3,3,2,1,1,1,1,1,1,1
1087,EurAm,1,3,2,2,1,4,0,0,2,0
1088,EurAm,1,3,1,1,1,4,0,1,3,1
1089,EurAm,2,4,2,1,1,1,0,1,1,0
1090,EurAm,2,3,1,1,1,3,0,0,1,1
1091,EurAm,1,4,2,1,2,1,1,0,1,0
1092,EurAm,1,4,1,2,1,3,0,0,1,1
1093,EurAm,2,5,2,0,1,1,1,0,0,0
1094,EurAm,2,3,1,0,1,3,1,0,1,0
1095,EurAm,2,4,1,2,1,1,1,0,1,2
1096,EurAm,1,3,1,0,2,4,1,1,1,0
1097,EurAm,2,4,2,0,2,3,0,1,1,1
1098,EurAm,2,3,1,1,1,3,1,0,1,0
1099,EurAm,2,4,1,1,2,1,0,1,1,0
1100,EurAm,1,3,1,1,2,3,1,1,1,0
1101,EurAm,2,3,1,1,1,3,1,1,1,0
1102,EurAm,1,2,1,1,1,3,0,0,2,0
1103,EurAm,2,4,1,0,1,1,1,1,1,0
1104,EurAm,2,3,1,1,1,1,1,0,1,0
1105,EurAm,1,1,1,1,2,3,1,0,1,1
1106,EurAm,2,4,1,3,2,3,0,0,1,0
1107,EurAm,3,4,1,0,2,3,0,0,1,1
1108,EurAm,2,4,2,0,2,3,0,1,0,0
1109,EurAm,2,3,1,0,1,3,0,0,1,1
1110,EurAm,2,3,1,0,2,1,1,1,1,0
1111,EurAm,2,3,2,1,1,1,0,0,1,0
1112,EurAm,2,3,2,1,2,1,0,0,1,1
1113,EurAm,3,5,1,1,2,1,1,0,0,0
1114,EurAm,1,1,2,0,2,0,0,1,1,0
1115,EurAm,2,3,2,1,2,3,0,1,1,1
1116,EurAm,2,3,3,0,2,3,1,0,1,1
1117,EurAm,2,4,2,0,1,1,0,1,1,0
1118,EurAm,1,4,2,1,2,1,1,1,0,0
1119,EurAm,2,4,1,2,1,1,1,0,1,1
1120,EurAm,3,3,1,1,2,1,1,0,2,0
1121,EurAm,1,3,2,1,1,1,0,0,2,0
1122,EurAm,2,4,1,1,1,1,0,0,0,1
1123,EurAm,3,5,2,1,1,3,1,0,1,0
1124,EurAm,1,3,2,0,1,1,0,1,1,1
1125,EurAm,3,4,1,0,2,1,0,0,1,1
1126,EurAm,2,4,1,1,1,1,0,1,2,1
1127,EurAm,3,5,2,1,3,0,0,0,0,1
1128,EurAm,1,3,1,1,2,1,1,1,2,1
1129,EurAm,2,4,2,1,1,1,1,0,1,1
1130,EurAm,2,3,2,1,2,1,0,0,1,1
1131,EurAm,2,3,1,1,2,4,1,0,2,1
1132,EurAm,1,1,1,0,2,1,1,0,2,0
1133,EurAm,2,3,1,0,2,1,0,1,1,1
1134,EurAm,2,3,1,0,2,4,0,1,1,1
1135,EurAm,2,4,3,1,2,1,0,0,0,1
1136,EurAm,2,5,1,0,1,1,0,0,1,0
1137,EurAm,2,4,2,0,2,4,1,1,2,0
1138,EurAm,2,4,2,1,2,1,0,0,2,1
1139,EurAm,2,3,1,2,1,4,0,0,2,1
1140,EurAm,1,3,1,1,1,1,1,0,1,0
1141,EurAm,2,3,2,1,1,1,0,1,2,0
1142,EurAm,3,5,2,0,2,1,1,0,1,1
1143,EurAm,2,5,2,0,3,1,1,0,1,1
1144,EurAm,2,5,1,0,2,1,1,0,1,0
1145,EurAm,3,4,2,1,2,3,1,0,1,1
1146,EurAm,2,3,2,1,1,1,0,0,1,1
1147,EurAm,2,3,2,1,1,4,0,0,2,1
1148,EurAm,2,3,2,0,2,1,0,1,1,0
1149,EurAm,1,3,2,1,1,4,0,1,1,0
1150,EurAm,3,4,1,1,1,4,0,0,1,1
1151,EurAm,1,4,2,1,2,4,1,1,2,1
1152,EurAm,2,3,2,1,1,4,0,0,2,1
1153,EurAm,2,4,1,0,2,1,0,0,1,0
1154,EurAm,2,3,1,0,2,1,1,0,1,1
1155,EurAm,2,3,2,1,2,1,1,0,1,2
1156,EurAm,2,4,1,0,1,3,0,1,1,1
1157,EurAm,2,4,2,0,2,4,1,1,0,0
1158,EurAm,1,4,1,2,2,1,0,1,0,1
1159,EurAm,2,3,2,1,2,1,1,0,1,0
1160,EurAm,2,3,2,1,2,1,0,0,2,0
1161,EurAm,1,3,1,0,1,1,1,1,1,1
1162,EurAm,1,3,1,1,2,1,0,0,2,1
1163,EurAm,2,3,2,0,2,1,1,0,1,0
1164,EurAm,2,4,2,0,2,1,1,0,1,1
1165,EurAm,2,3,1,0,2,1,0,0,1,1
1166,EurAm,2,5,2,1,2,0,1,0,2,1
1167,EurAm,1,5,1,0,2,1,1,1,1,1
1168,EurAm,2,5,2,0,3,3,0,0,3,0
1169,EurAm,2,5,2,1,1,1,1,1,1,1
1170,EurAm,2,5,1,1,2,3,0,0,1,1
1171,EurAm,2,4,2,0,1,4,1,0,1,0
1172,EurAm,1,3,2,1,2,3,0,0,2,0
1173,EurAm,2,4,2,1,2,1,0,0,2,1
1174,EurAm,2,5,2,0,2,3,0,0,2,1
1175,EurAm,3,2,2,0,1,1,0,0,2,0
1176,EurAm,3,4,2,0,2,3,0,0,1,0
1177,EurAm,2,3,2,0,2,1,1,0,1,0
1178,EurAm,2,3,2,1,2,1,1,0,1,1
1179,EurAm,2,4,2,0,2,4,0,0,1,0
1180,EurAm,1,5,2,0,2,3,1,0,1,0
1181,EurAm,2,5,1,0,2,1,1,0,1,1
1182,EurAm,3,4,2,0,1,4,0,0,1,0
1183,EurAm,3,3,1,0,2,1,0,0,1,1
1184,EurAm,1,4,2,0,2,1,1,0,3,1
1185,EurAm,2,3,2,0,1,1,0,0,1,1
1186,EurAm,2,4,2,0,1,1,1,0,1,0
1187,EurAm,2,3,2,0,1,1,0,0,2,0
1188,EurAm,1,3,2,0,1,1,1,0,1,0
1189,EurAm,2,4,2,0,2,0,0,0,3,0
1190,EurAm,2,3,1,0,2,1,0,0,2,0
1191,EurAm,2,3,1,0,2,2,0,0,1,0
1192,EurAm,1,4,2,1,2,4,0,1,1,0
1193,EurAm,2,4,2,0,2,4,1,0,1,0
1194,EurAm,3,3,2,1,1,1,1,0,2,0
1195,EurAm,2,4,2,0,2,1,0,0,1,1
1196,EurAm,1,4,1,0,1,1,0,0,2,1
1197,EurAm,3,3,2,0,1,1,1,0,0,1
1198,EurAm,3,4,2,0,2,1,1,0,1,0
1199,EurAm,2,5,1,1,1,1,1,0,1,0
1200,EurAm,2,3,1,0,1,3,0,0,1,0
1201,EurAm,2,3,2,1,1,1,0,1,1,0
1202,EurAm,3,5,2,0,3,4,0,0,3,0
1203,EurAm,1,4,2,0,2,1,0,0,1,1
1204,EurAm,3,5,1,0,2,1,0,0,2,0
1205,EurAm,3,3,2,2,2,1,0,0,2,1
1206,EurAm,3,4,2,0,1,1,0,0,1,0
1207,EurAm,1,3,1,0,2,1,1,0,1,1
1208,EurAm,3,5,2,0,2,1,0,0,3,0
1209,EurAm,2,4,3,1,2,1,1,0,2,1
1210,EurAm,1,4,1,0,2,1,1,1,2,1
1211,EurAm,1,3,2,1,2,1,0,0,1,0
1212,EurAm,1,5,3,1,2,1,1,0,1,1
1213,EurAm,1,4,1,0,2,1,1,0,1,1
1214,EurAm,1,5,1,0,2,1,0,0,1,0
1215,EurAm,2,3,1,0,2,1,0,0,1,1
1216,EurAm,3,3,1,0,2,1,0,0,1,1
1217,EurAm,1,4,2,0,2,1,1,0,1,0
1218,EurAm,2,4,2,0,2,1,1,0,2,1
1219,EurAm,2,4,2,2,2,1,0,0,1,1
1220,EurAm,2,4,2,1,2,3,1,0,1,1
1221,EurAm,2,3,2,1,1,1,0,0,1,1
1222,EurAm,2,3,2,0,2,1,1,0,1,0
1223,EurAm,2,3,1,1,2,3,0,0,1,0
1224,EurAm,2,3,2,1,2,0,0,0,2,1
1225,EurAm,2,5,1,1,2,1,0,0,1,0
1226,EurAm,3,5,2,1,2,3,0,0,1,1
1227,EurAm,2,4,1,0,3,3,1,0,1,1
1228,EurAm,1,3,2,0,2,3,0,0,1,0
1229,EurAm,2,5,2,0,2,1,0,0,1,1
1230,EurAm,3,5,1,1,1,3,1,0,1,1
1231,EurAm,3,4,2,1,2,1,0,1,1,1
1232,EurAm,2,4,1,0,2,1,0,0,3,1
1233,EurAm,2,3,2,1,2,1,1,0,1,1
1234,EurAm,1,5,1,1,1,1,1,0,1,1
1235,EurAm,2,4,2,0,2,1,1,0,1,1
1236,EurAm,3,4,1,1,1,3,0,0,0,1
1237,EurAm,2,4,2,0,2,1,1,0,1,1
1238,EurAm,2,4,2,1,2,4,0,1,1,0
1239,EurAm,2,1,1,0,1,4,1,0,1,1
1240,EurAm,2,4,2,0,2,3,1,0,3,0
1241,EurAm,1,3,2,1,2,2,1,0,1,1
1242,EurAm,2,3,2,1,2,4,1,1,1,0
1243,EurAm,2,3,1,1,2,4,0,1,1,1
1244,EurAm,2,4,1,1,2,1,1,0,1,1
1245,EurAm,2,4,1,0,2,3,0,0,1,1
1246,EurAm,2,4,2,1,2,1,1,0,0,1
1247,EurAm,3,5,2,1,2,1,0,0,1,0
1248,EurAm,3,4,2,0,2,1,1,0,1,1
1249,EurAm,3,4,2,1,1,1,0,0,1,0
1250,EurAm,2,5,2,1,1,3,1,0,2,1
1251,EurAm,2,4,2,1,2,3,1,0,1,0
1252,EurAm,2,4,1,1,2,1,1,1,1,1
1253,EurAm,2,5,2,1,2,1,1,0,1,1
1254,EurAm,2,3,2,0,2,4,1,1,1,1
1255,EurAm,2,4,2,1,2,3,1,0,1,0
1256,EurAm,2,4,1,0,2,3,0,0,2,1
1257,EurAm,2,3,2,1,1,1,0,0,1,1
1258,EurAm,3,5,2,1,2,1,1,0,2,1
1259,EurAm,2,5,2,1,1,4,0,0,1,2
1260,EurAm,2,5,1,1,1,3,0,0,2,1
1261,EurAm,3,3,1,1,2,3,0,0,1,0
1262,EurAm,1,5,1,2,2,1,0,0,1,1
1263,EurAm,2,4,1,1,2,1,0,0,1,1
1264,EurAm,2,5,1,0,2,1,1,0,1,1
1265,EurAm,2,5,1,0,2,3,1,0,1,1
1266,EurAm,2,4,1,0,2,1,0,0,1,1
1267,EurAm,3,5,2,0,2,3,0,0,2,1
1268,EurAm,2,3,1,1,3,1,0,0,1,1
1269,EurAm,1,4,3,0,1,3,0,0,1,0
1270,EurAm,2,3,1,1,2,3,0,0,0,1
1271,EurAm,1,4,2,0,2,3,0,0,1,1
1272,EurAm,2,3,1,1,1,3,1,1,1,2
1273,EurAm,2,3,1,1,2,3,0,0,3,1
1274,EurAm,2,5,1,0,2,1,0,0,1,1
1275,EurAm,2,3,2,1,2,3,0,0,1,0
1276,EurAm,2,4,2,1,1,1,0,0,1,1
1277,EurAm,3,3,2,1,3,1,0,0,1,1
1278,EurAm,3,4,1,1,2,3,0,1,1,1
1279,EurAm,3,5,2,1,1,1,0,0,1,1
1280,EurAm,2,3,2,1,1,1,0,0,1,1
1281,EurAm,1,4,2,0,2,1,0,1,1,1
1282,EurAm,2,3,1,1,2,3,0,0,1,1
1283,EurAm,2,3,2,1,1,3,0,0,2,1
1284,EurAm,2,3,1,0,1,3,0,0,2,1
1285,EurAm,1,5,1,0,1,3,0,0,1,1
1286,EurAm,2,3,2,1,2,3,0,0,2,1
1287,EurAm,3,4,1,1,1,3,1,1,1,1
1288,EurAm,3,5,2,0,1,3,0,0,1,0
1289,EurAm,2,3,1,1,1,3,0,0,1,0
1290,EurAm,3,5,1,1,1,3,1,0,1,1
1291,EurAm,2,3,3,1,2,0,0,0,1,0
1292,EurAm,2,4,1,0,2,2,0,0,1,0
1293,EurAm,2,3,1,2,2,0,1,0,1,0
1294,EurAm,3,4,2,0,1,3,0,0,1,0
1295,EurAm,3,4,1,0,1,3,1,0,1,1
1296,EurAm,3,3,1,1,1,1,1,0,1,0
1297,EurAm,3,4,1,0,1,2,0,0,1,0
1298,EurAm,3,3,1,0,1,2,1,0,1,1
1299,EurAm,2,2,2,1,1,3,0,0,0,1
1300,EurAm,1,3,1,1,2,0,1,1,1,2
1301,EurAm,3,3,2,1,2,3,0,0,2,2
1302,EurAm,2,3,1,1,1,1,1,0,0,0
1303,EurAm,1,3,1,0,1,1,1,0,2,0
1304,EurAm,2,5,2,1,2,3,0,0,1,1
1305,EurAm,3,4,2,0,2,1,0,1,2,2
1306,EurAm,3,4,1,0,1,2,0,1,1,1
1307,EurAm,2,3,2,0,1,1,0,1,1,0
1308,EurAm,3,4,2,1,1,3,0,0,1,2
1309,EurAm,2,3,1,1,1,3,0,0,2,1
1310,EurAm,2,1,1,2,2,1,0,0,1,0
1311,EurAm,2,5,1,0,2,2,0,0,1,0
1312,EurAm,1,1,3,0,2,3,0,0,0,1
1313,EurAm,3,4,2,1,1,3,0,1,1,1
1314,EurAm,2,4,2,1,1,3,0,0,2,0
1315,EurAm,2,4,2,1,2,3,0,0,1,1
1316,EurAm,2,4,2,0,2,3,1,0,3,1
1317,EurAm,2,5,1,1,1,3,1,0,3,1
1318,EurAm,1,4,2,0,3,3,1,0,1,1
1319,EurAm,3,4,1,1,1,1,1,0,1,1
1320,EurAm,3,4,2,3,2,2,0,0,0,2
1321,EurAm,2,4,1,0,2,3,0,0,1,1
1322,EurAm,3,3,2,1,1,1,0,0,2,1
1323,EurAm,1,3,2,1,1,3,1,0,1,1
1324,EurAm,2,4,1,0,1,2,1,1,1,1
1325,EurAm,2,3,1,2,2,1,0,1,1,1
1326,EurAm,2,4,2,0,1,3,0,0,1,0
1327,EurAm,3,5,1,0,1,3,0,0,2,0
1328,EurAm,1,3,1,2,2,3,0,0,2,1
1329,EurAm,2,4,2,1,2,2,0,0,1,1
1330,EurAm,1,3,2,0,2,1,1,1,2,0
1331,EurAm,2,4,1,2,2,2,1,0,1,1
1332,EurAm,3,4,1,0,1,3,1,0,1,1
1333,EurAm,3,3,1,0,2,3,0,0,1,1
1334,EurAm,2,4,1,1,1,3,0,0,1,1
1335,EurAm,1,4,2,0,1,3,0,0,1,1
1336,EurAm,3,4,1,0,1,3,0,1,1,1
1337,EurAm,3,4,1,1,1,3,1,0,2,1
1338,EurAm,3,4,2,1,2,2,0,1,1,1
1339,EurAm,2,4,1,0,2,2,0,0,1,1
1340,EurAm,2,4,2,0,1,3,0,0,1,0
1341,EurAm,2,5,2,1,1,2,0,0,1,1
1342,EurAm,3,5,1,0,1,3,0,0,1,0
1343,EurAm,3,4,2,1,2,3,0,0,2,0
1344,EurAm,3,4,1,2,1,2,1,0,2,1
1345,EurAm,3,4,1,1,1,3,1,1,1,1
1346,EurAm,2,4,2,0,1,3,0,1,1,1
1347,EurAm,1,4,1,0,1,1,0,1,2,0
1348,EurAm,3,5,1,1,1,3,0,0,1,1
1349,EurAm,2,4,1,0,2,3,1,0,1,2
1350,EurAm,2,5,2,0,2,3,0,0,1,0
1351,EurAm,3,4,2,1,1,3,0,0,3,1
1352,EurAm,2,4,2,0,1,3,0,1,2,2
1353,EurAm,1,4,1,0,1,3,0,0,1,0
1354,EurAm,3,5,2,0,2,1,1,1,1,1
1355,EurAm,3,4,1,1,2,1,0,0,2,2
1356,EurAm,3,4,1,1,1,3,1,0,1,1
1357,EurAm,3,5,2,2,2,2,0,0,1,1
1358,EurAm,3,5,1,1,2,2,0,0,2,1
1359,EurAm,3,4,1,0,1,3,0,1,2,1
1360,EurAm,3,4,1,1,1,3,1,0,3,1
1361,EurAm,1,4,1,0,2,3,0,0,1,1
1362,EurAm,2,4,2,2,2,1,1,0,2,1
1363,EurAm,2,4,1,1,1,3,1,0,2,0
1364,EurAm,2,3,2,0,1,3,0,0,1,1
1365,EurAm,2,4,1,1,1,3,1,0,1,1
1366,EurAm,3,5,1,0,1,3,1,0,1,0
1367,EurAm,3,3,2,1,2,0,0,1,2,0
1368,EurAm,3,5,2,1,2,2,0,1,1,1
1369,EurAm,1,3,1,0,1,3,0,0,1,1
1370,EurAm,2,4,1,1,2,2,1,0,1,1
1371,EurAm,3,4,2,0,2,3,0,1,2,0
1372,EurAm,1,3,1,0,1,3,0,0,1,1
1373,EurAm,2,4,1,1,1,3,1,0,2,1
1374,EurAm,3,3,1,0,1,3,0,0,1,1
1375,EurAm,2,5,1,0,1,3,1,0,1,0
1376,EurAm,2,3,1,0,1,3,0,0,1,0
1377,EurAm,2,4,1,2,1,3,0,0,2,0
1378,EurAm,2,4,1,0,1,3,0,0,2,1
1379,EurAm,2,4,1,1,1,3,0,0,2,2
1380,EurAm,2,4,1,0,1,2,0,0,1,1
1381,EurAm,3,5,2,1,2,3,0,0,1,0
1382,EurAm,2,4,2,1,2,2,1,0,1,1
1383,EurAm,2,4,2,0,2,3,0,0,1,1
1384,EurAm,3,5,2,2,2,3,0,0,3,1
1385,EurAm,3,3,1,0,1,1,0,1,0,1
1386,EurAm,3,4,2,0,2,3,1,0,0,0
1387,EurAm,3,5,3,0,2,2,0,0,1,1
1388,EurAm,3,4,2,0,2,1,0,0,1,1
1389,EurAm,3,5,1,1,1,3,0,0,1,1
1390,EurAm,3,5,1,1,1,1,1,0,2,1
1391,EurAm,2,4,1,0,2,3,1,0,1,1
1392,EurAm,2,4,2,1,2,3,1,0,1,0
1393,EurAm,2,3,1,0,1,2,1,0,1,1
1394,EurAm,3,5,3,0,1,3,1,0,2,1
1395,EurAm,3,5,2,0,1,3,1,0,1,1
1396,EurAm,2,4,1,1,1,3,0,0,0,1
1397,EurAm,2,4,1,0,2,3,0,1,2,1
1398,EurAm,2,2,1,1,1,1,0,0,2,0
1399,EurAm,2,4,2,0,2,1,1,0,1,1
1400,EurAm,2,4,2,1,2,3,0,0,2,1
1401,EurAm,2,5,2,0,1,3,1,0,3,1
1402,EurAm,3,5,1,0,2,3,1,0,1,1
1403,EurAm,1,4,1,1,2,2,0,1,1,1
1404,EurAm,1,4,2,1,2,3,0,0,1,1
1405,EurAm,3,4,2,1,1,2,0,1,3,1
1406,EurAm,1,3,1,1,2,3,0,0,1,1
1407,EurAm,3,5,3,0,2,2,1,0,2,1
1408,EurAm,2,4,1,1,2,3,1,1,0,1
1409,EurAm,3,4,2,0,2,2,0,0,1,1
1410,EurAm,1,4,1,0,1,3,0,0,1,0
1411,EurAm,3,5,2,0,1,3,0,0,1,1
1412,EurAm,3,4,1,0,2,3,1,0,1,1
1413,EurAm,3,5,3,0,2,2,0,0,1,0
1414,EurAm,2,5,2,2,2,3,0,0,2,1
1415,EurAm,3,4,2,0,2,0,0,1,1,1
1416,EurAm,3,3,2,1,2,3,1,1,1,0
1417,EurAm,2,4,1,1,1,3,1,0,3,1
1418,EurAm,2,4,1,1,1,3,0,1,1,1
1419,EurAm,1,4,1,0,2,1,0,0,2,1
1420,EurAm,3,4,2,0,1,1,0,0,1,1
1457,AsAm,2,2,2,1,2,3,1,1,2,2
1458,AsAm,2,2,2,3,2,0,0,0,3,2
1459,AsAm,2,2,1,2,2,2,0,0,2,1
1460,AsAm,2,2,3,2,3,0,0,0,3,2
1461,AsAm,2,2,1,1,2,2,1,0,3,1
1462,AsAm,2,2,1,2,2,2,0,0,2,1
1463,AsAm,2,2,1,2,2,1,0,0,3,0
1464,AsAm,2,2,2,1,2,1,1,0,1,2
1465,AsAm,2,2,1,1,2,0,0,1,1,0
1466,AsAm,2,1,2,1,2,0,0,0,1,1
1467,AsAm,2,1,1,3,2,1,0,0,1,2
1468,AsAm,2,2,1,1,2,2,0,0,2,2
1469,AsAm,2,2,1,1,2,1,0,0,1,0
1470,AsAm,2,1,2,3,2,1,0,0,2,2
1471,AsAm,2,1,2,2,2,1,0,0,1,2
1472,AsAm,2,1,1,1,2,0,0,0,2,1
1473,AsAm,2,3,2,3,2,2,0,1,2,2
1474,AsAm,2,2,2,2,2,2,0,0,3,2
1475,AsAm,2,1,2,3,1,1,0,0,1,1
1476,AsAm,2,2,2,2,2,1,0,0,2,1
1477,AsAm,2,2,2,3,2,3,0,0,3,2
1478,AsAm,2,1,1,3,2,2,0,0,3,2
1479,AsAm,2,3,1,1,2,1,0,0,2,1
1480,AsAm,2,1,1,2,2,4,1,0,2,1
1481,AsAm,2,1,1,1,2,3,0,0,2,2
1482,AsAm,2,2,2,3,3,0,1,0,1,2
1483,AsAm,2,1,2,2,2,2,1,0,2,1
1484,AsAm,2,2,1,3,2,1,0,0,1,2
1485,AsAm,2,2,2,2,2,1,0,1,2,2
1486,AsAm,2,1,2,2,2,0,0,0,1,2
1487,AsAm,2,2,1,1,2,1,0,0,2,2
1488,AsAm,2,2,2,1,2,2,0,0,3,2
1489,AsAm,2,1,1,3,2,1,1,0,2,2
1490,AsAm,2,2,1,1,2,2,0,0,2,1
1491,AsAm,2,1,2,1,2,2,0,0,1,0
1492,AsAm,2,3,1,3,2,2,0,0,3,2
1493,AsAm,2,2,2,1,2,2,0,0,1,1
1494,AsAm,2,2,1,1,2,2,0,0,3,2
1495,AsAm,2,1,2,1,2,0,0,0,2,1
1496,AsAm,2,2,2,2,3,0,1,0,3,2
1497,AsAm,2,2,2,2,2,2,0,1,2,2
1498,AsAm,2,2,2,1,2,2,0,0,2,2
1499,AsAm,2,2,2,2,2,0,0,0,2,2
1500,AsAm,2,2,2,1,2,1,0,0,2,2
1501,AsAm,2,2,1,2,2,1,0,0,2,1
1502,AsAm,2,2,1,2,2,3,0,0,3,2
1503,AsAm,2,2,2,1,2,0,0,0,3,1
1504,AsAm,2,2,2,2,2,1,0,0,3,2
1505,AsAm,2,2,1,1,2,2,0,0,1,2
1506,AsAm,2,2,2,2,2,3,1,0,1,1
1507,AsAm,2,2,1,1,2,3,0,0,2,2
1508,AsAm,2,2,2,3,2,2,0,0,3,1
1509,AsAm,2,1,2,1,3,2,1,0,1,0
1510,AsAm,2,1,1,2,2,0,0,0,1,2
1511,AsAm,2,1,1,2,2,3,1,0,2,2
1512,AsAm,2,2,2,2,2,0,0,1,2,1
1513,AsAm,2,2,3,1,2,2,0,0,0,2
1553,AsAm,2,2,2,2,3,0,0,0,2,1
1554,AsAm,2,2,1,1,2,2,1,0,1,2
1555,AsAm,2,2,2,3,2,0,0,0,2,1
1556,AsAm,2,1,1,2,2,1,0,1,2,2
1557,AsAm,2,1,1,1,2,0,1,1,2,0
1558,AsAm,2,2,2,3,2,0,1,0,2,1
1559,AsAm,2,4,3,2,3,3,1,0,1,1
1560,AsAm,2,1,2,3,2,2,1,0,3,2
1561,AsAm,2,2,1,1,2,2,1,0,3,1
1562,AsAm,2,4,2,1,2,2,0,0,2,2
1563,AsAm,2,2,2,3,2,2,0,0,1,2
1564,AsAm,2,2,1,1,2,1,0,0,2,1
1565,AsAm,2,1,2,1,2,2,1,0,2,1
1566,AsAm,2,2,2,2,2,2,0,0,3,2
1567,AsAm,2,1,2,3,2,3,1,0,1,1
1592,Amerindian,2,2,1,1,2,3,1,0,3,2
1593,Amerindian,2,3,2,3,3,0,1,0,1,1
1594,Amerindian,2,3,2,2,1,4,0,0,3,1
1595,Amerindian,2,2,2,3,2,3,1,0,1,1
1596,Amerindian,2,3,3,1,3,4,1,0,1,1
1597,Amerindian,2,1,3,1,3,2,1,0,1,1
1598,Amerindian,2,2,1,3,2,3,1,0,2,0
1599,Amerindian,2,1,2,2,2,2,0,0,2,2
1600,Amerindian,2,3,3,3,2,3,1,0,2,2
1601,Amerindian,2,1,2,2,2,3,1,0,2,2
1602,Amerindian,2,2,1,3,2,3,0,0,1,1
1603,Amerindian,2,1,2,1,2,1,1,1,1,2
1604,Amerindian,2,3,1,2,2,3,1,0,2,2
1605,Amerindian,2,1,3,3,3,1,1,0,3,1
1606,Amerindian,2,2,1,3,1,3,1,0,2,2
1607,Amerindian,2,3,1,1,2,0,0,0,2,1
1608,Amerindian,1,2,1,3,2,3,1,0,2,1
1609,Amerindian,2,3,2,3,3,3,1,0,3,0
1610,Amerindian,2,2,1,1,1,3,1,0,1,1
1611,Amerindian,1,2,2,1,3,1,0,0,2,2
1612,Amerindian,1,2,2,1,3,3,0,0,2,2
1613,Amerindian,2,2,2,2,1,3,0,0,2,2
1614,Amerindian,2,2,1,3,2,2,1,0,1,1
1615,Amerindian,2,2,1,2,2,3,1,0,1,1
1616,Amerindian,2,2,2,3,3,3,1,0,2,2
1617,Amerindian,2,3,1,3,1,4,1,0,1,2
1618,Amerindian,2,2,2,2,3,3,1,0,1,2
1619,Amerindian,2,2,1,1,2,3,0,0,3,2
1620,Amerindian,1,3,1,2,3,2,0,0,2,2
1621,Amerindian,2,2,1,3,2,3,1,0,2,1
1622,Amerindian,1,2,1,1,2,3,1,0,2,2
1623,Amerindian,2,2,1,2,2,1,0,0,3,2
1624,Amerindian,2,2,1,1,2,3,0,0,1,1
1625,Amerindian,2,2,1,2,2,3,1,0,2,2
1626,Amerindian,2,1,1,1,2,3,1,0,2,2
1627,Amerindian,2,3,1,3,2,3,0,0,2,2
1628,Amerindian,2,3,1,2,2,4,1,0,3,2
1629,Amerindian,2,3,1,3,3,3,1,0,2,2
1630,Amerindian,1,4,2,1,1,1,1,1,1,2
1631,Amerindian,2,4,2,1,1,4,1,0,2,0
1632,Amerindian,2,5,2,2,2,1,1,0,2,1
1633,Amerindian,1,3,2,1,2,1,1,0,1,0
1634,Amerindian,3,4,3,2,2,1,1,0,3,0
1635,Amerindian,2,3,2,2,2,1,1,0,2,1
1636,Amerindian,3,3,2,3,2,1,0,0,2,0
1637,Amerindian,3,3,2,0,2,1,1,0,2,0
1638,Amerindian,2,4,2,1,2,1,1,1,2,0
1639,Amerindian,3,3,3,1,2,1,1,0,1,0
1640,Amerindian,2,3,2,2,2,1,1,0,1,0
1641,Amerindian,3,4,2,2,2,1,1,0,1,0
1642,Amerindian,2,4,3,1,2,1,0,0,1,0
1643,Amerindian,3,3,3,2,1,1,1,0,2,1
1644,Amerindian,1,3,2,2,2,1,1,0,3,0
1645,Amerindian,3,3,2,2,1,1,1,0,3,2
1646,Amerindian,2,4,2,0,1,3,1,0,1,1
1647,Amerindian,3,3,2,1,2,1,1,0,2,1
1648,Amerindian,1,3,3,1,2,3,1,0,2,0
1649,Amerindian,3,4,1,1,3,1,1,0,2,0
1650,Amerindian,2,3,2,1,2,1,1,0,2,1
1651,Amerindian,2,3,1,1,2,1,1,0,2,0
1652,Amerindian,1,3,1,1,2,1,1,0,2,1
1653,Amerindian,2,3,2,1,2,1,1,0,2,0
1654,Amerindian,2,4,2,0,2,1,0,0,0,1
1655,Amerindian,1,3,2,1,2,1,1,0,2,0
1656,Amerindian,2,3,2,1,2,1,1,0,3,1
1657,Amerindian,1,4,3,1,2,1,0,1,1,0
1658,Amerindian,1,2,2,1,2,1,1,0,2,0
1659,Amerindian,2,3,2,2,1,1,0,0,3,1
1660,Amerindian,1,2,2,1,2,1,1,1,3,0
1661,Amerindian,3,3,2,1,2,1,1,0,2,0
1662,Amerindian,2,4,2,1,1,1,0,0,1,0
1663,Amerindian,2,4,2,1,2,1,1,0,3,1
1664,Amerindian,1,5,2,1,2,4,1,0,3,1
1665,Amerindian,2,3,2,2,1,1,1,0,1,0
1666,Amerindian,2,3,1,1,2,1,1,0,2,0
1667,Amerindian,2,4,2,1,2,1,1,0,3,0
1668,Amerindian,1,4,2,1,2,1,1,0,1,0
1669,Amerindian,3,3,2,0,1,1,1,0,3,0
1670,Amerindian,1,2,2,1,2,1,1,1,3,0
1671,Amerindian,2,3,3,2,2,0,1,0,3,1
1672,Amerindian,2,3,2,2,2,0,1,0,1,1
1673,Amerindian,3,4,2,1,2,1,1,0,2,1
1674,Amerindian,2,3,2,1,3,1,1,0,3,2
1675,Amerindian,2,1,3,1,2,1,1,0,2,1
1676,Amerindian,3,4,2,0,2,1,1,0,2,1
1677,Amerindian,2,4,2,1,2,1,0,0,2,0
1678,Amerindian,2,4,2,0,2,4,1,0,1,1
1679,Amerindian,2,3,2,1,2,1,1,1,2,0
1680,Amerindian,3,4,3,2,2,1,1,0,3,0
1681,Amerindian,3,3,2,1,2,1,1,0,1,0
1682,Amerindian,2,3,2,1,2,1,0,0,1,1
1683,Amerindian,1,3,2,0,1,1,0,0,1,1
1684,Amerindian,3,3,2,2,2,1,1,0,3,1
1685,Amerindian,3,2,2,1,2,1,1,0,1,0
1686,Amerindian,2,3,2,0,2,1,1,0,3,1
1687,Amerindian,2,4,2,1,2,1,1,0,2,0
1688,Amerindian,3,2,2,1,2,4,1,0,2,0
1689,Amerindian,3,4,2,2,2,1,1,0,3,2
1690,Amerindian,3,4,2,1,2,1,1,0,1,1
1691,Amerindian,2,3,2,1,1,1,1,0,1,1
1692,Amerindian,3,3,3,1,2,0,1,0,1,0
1693,Amerindian,3,3,2,1,2,1,1,0,3,1
1694,Amerindian,1,2,2,1,2,3,1,0,2,0
1695,Amerindian,2,3,2,1,2,1,0,0,2,1
1696,Amerindian,3,3,2,1,2,1,1,0,1,0
1697,Amerindian,2,4,2,1,2,4,0,0,0,0
1698,Amerindian,2,2,2,1,2,1,1,0,2,0
1699,Amerindian,3,4,3,1,1,1,1,0,2,0
1700,Amerindian,2,4,2,0,2,1,1,0,1,0
1701,Amerindian,2,3,2,0,2,1,1,0,1,2
1702,Amerindian,3,4,2,1,1,1,1,0,2,0
1703,Amerindian,2,2,2,1,2,1,1,0,3,2
1704,Amerindian,1,2,2,2,2,1,1,0,3,0
1705,Amerindian,3,3,2,0,2,3,1,0,3,0
1706,Amerindian,2,4,2,0,2,1,1,0,1,0
1707,Amerindian,2,4,2,1,2,0,1,0,2,0
1708,Amerindian,2,3,1,1,2,1,1,0,1,0
1709,Amerindian,1,4,2,0,2,1,1,0,1,0
1710,Amerindian,2,3,2,2,2,0,1,0,2,0
1711,Amerindian,2,3,2,1,2,1,1,0,2,0
1712,Amerindian,2,3,2,1,2,1,0,0,3,0
1713,Amerindian,3,3,2,2,2,0,0,0,2,2
1714,Amerindian,2,3,2,3,2,1,1,0,3,0
1715,Amerindian,2,3,1,1,1,1,1,0,1,0
1716,Amerindian,3,3,1,1,1,3,1,1,1,2
1717,Amerindian,2,3,2,2,2,1,1,1,2,0
1718,Amerindian,1,3,2,2,1,1,1,0,3,0
1719,Amerindian,1,3,2,1,2,1,1,0,1,0
1720,Amerindian,3,3,2,1,2,1,1,1,3,1
1721,Amerindian,2,2,2,2,2,1,1,0,2,1
1722,Amerindian,1,3,2,0,2,1,1,0,1,0
1723,Amerindian,3,3,2,1,2,1,1,0,2,0
1724,Amerindian,2,4,2,1,2,4,1,0,1,0
1725,Amerindian,1,4,2,1,2,3,1,1,2,0
1726,Amerindian,2,4,2,1,2,1,0,0,0,1
1727,Amerindian,2,3,2,0,1,1,0,0,1,0
1728,Amerindian,1,3,2,2,2,1,1,1,1,1
1729,Amerindian,3,4,2,2,2,1,0,0,1,0
1730,Amerindian,1,4,2,0,2,3,1,0,2,0
1731,Amerindian,1,3,1,0,2,0,1,0,3,0
1732,Amerindian,2,2,2,1,2,1,1,0,2,1
1733,Amerindian,1,4,3,1,2,3,1,0,2,1
1734,Amerindian,2,5,2,0,2,1,0,0,1,0
1735,Amerindian,3,3,2,1,2,0,1,0,2,1
1736,Amerindian,2,1,3,1,2,1,1,0,2,2
1737,Amerindian,3,3,2,1,2,0,1,0,3,0
1738,Amerindian,3,2,2,2,2,0,1,0,2,1
1739,Amerindian,1,1,2,1,2,0,1,0,3,1
1740,Amerindian,1,1,2,2,2,1,1,0,2,1
1741,Amerindian,3,4,2,2,2,1,0,0,2,0
1742,Amerindian,1,3,2,1,2,0,0,0,1,1
1743,Amerindian,1,1,2,1,2,1,1,0,2,1
1744,Amerindian,3,5,3,1,2,4,1,0,1,0
1745,Amerindian,2,4,2,2,2,1,1,0,2,0
1746,Amerindian,2,3,1,0,2,1,1,0,1,0
1747,Amerindian,1,3,2,2,2,1,1,0,2,0
1748,Amerindian,1,3,2,1,2,0,1,0,3,1
1749,Amerindian,1,1,2,2,1,1,1,0,0,0
1750,Amerindian,2,4,2,1,3,1,1,0,3,0
1751,Amerindian,3,4,2,0,2,2,1,0,1,0
1752,Amerindian,1,3,2,0,2,1,1,0,2,0
1753,Amerindian,2,4,2,1,2,3,1,0,1,0
1754,Amerindian,3,4,2,1,2,1,1,0,2,1
1755,Amerindian,1,3,2,1,1,0,0,0,0,1
1756,Amerindian,2,4,2,0,2,1,1,0,2,0
1757,Amerindian,2,3,2,1,2,1,1,0,1,0
1758,Amerindian,1,2,2,0,2,3,1,0,3,1
1759,Amerindian,3,4,2,1,1,1,1,1,3,0
1760,Amerindian,2,3,2,1,2,1,1,0,3,1
1761,Amerindian,1,2,1,1,2,3,1,0,3,1
1762,Amerindian,2,4,2,1,2,1,0,0,2,1
1763,Amerindian,1,3,1,0,2,1,1,0,1,1
1764,Amerindian,3,3,2,2,2,1,1,0,2,1
1765,Amerindian,1,4,2,1,2,0,1,0,1,0
1766,Amerindian,1,1,2,0,2,0,1,0,1,1
1767,Amerindian,3,2,2,1,2,3,0,0,1,0
1768,Amerindian,2,3,2,1,2,1,1,0,0,1
1769,Amerindian,3,5,2,2,2,1,1,0,1,1
1770,Amerindian,2,3,1,1,2,4,1,0,2,2
1771,Amerindian,3,3,3,1,2,1,1,0,3,0
1772,Amerindian,1,5,3,2,2,1,1,0,3,1
1773,Amerindian,3,4,2,1,2,2,1,0,2,1
1774,Amerindian,3,2,2,3,3,1,1,0,3,1
1775,Amerindian,1,2,2,1,2,4,1,0,1,1
1776,Amerindian,2,4,2,1,2,1,0,0,2,1
1777,Amerindian,3,4,2,0,2,3,1,0,3,0
1778,Amerindian,1,5,2,1,2,3,1,0,2,0
1779,Amerindian,2,3,2,1,2,2,1,0,2,0
1780,Amerindian,2,3,2,2,2,4,1,0,2,0
1781,Amerindian,2,3,1,2,1,3,1,0,1,0
1782,Amerindian,2,2,2,2,2,3,1,0,3,1
1783,Amerindian,2,2,2,2,2,1,1,0,3,1
1784,Amerindian,2,3,2,1,2,4,0,0,1,1
1785,Amerindian,2,3,2,2,2,1,1,0,1,0
1786,Amerindian,2,1,2,1,2,1,1,0,3,0
1787,Amerindian,3,4,2,1,2,1,1,0,2,0
1788,Amerindian,3,3,3,2,3,1,1,0,2,0
1789,Amerindian,3,4,2,1,2,1,1,0,3,2
1790,Amerindian,2,3,2,2,2,1,1,1,3,0
1791,Amerindian,3,3,2,0,2,0,1,0,2,0
1792,Amerindian,2,5,2,1,1,1,1,0,3,1
1793,Amerindian,2,1,2,2,2,1,1,0,2,0
1794,Amerindian,3,4,2,2,2,1,1,0,1,1
1795,Amerindian,2,4,2,2,2,1,1,0,2,0
1796,Amerindian,3,3,2,1,2,0,1,0,3,0
1797,Amerindian,2,4,2,1,2,1,1,0,2,0
1798,Amerindian,2,3,2,3,2,1,1,0,2,1
1799,Amerindian,3,4,3,2,2,1,1,0,3,1
1800,Amerindian,2,2,2,1,2,0,1,0,3,1
1801,Amerindian,3,4,2,1,2,1,1,0,1,0
1802,Amerindian,2,2,2,0,2,1,1,0,1,0
1803,Amerindian,2,4,2,0,2,1,1,0,1,1
1804,Amerindian,2,3,2,1,2,1,1,0,3,0
1805,Amerindian,2,3,2,0,2,2,1,0,1,0
1806,Amerindian,2,3,2,1,2,0,1,0,2,0
1807,Amerindian,3,3,2,1,2,1,1,0,3,0
1808,Amerindian,2,3,2,0,2,1,1,0,2,1
1809,Amerindian,2,4,2,0,3,4,1,0,3,1
1810,Amerindian,1,2,2,2,2,3,1,0,1,0
1811,Amerindian,2,3,2,1,2,3,1,0,2,0
1812,Amerindian,3,3,1,2,2,1,1,0,3,0
1813,Amerindian,3,2,2,2,2,1,1,0,2,1
1814,Amerindian,2,4,2,2,2,1,1,0,1,0
1815,Amerindian,2,4,2,0,2,1,1,0,3,1
1816,Amerindian,2,3,2,2,2,1,1,0,2,0
1817,Amerindian,2,3,1,0,2,0,0,0,1,0
1818,Amerindian,3,5,2,0,2,1,1,0,3,0
1819,Amerindian,2,4,2,1,3,1,0,1,3,0
1820,Amerindian,2,3,2,1,2,1,1,0,3,0
1821,Amerindian,3,3,2,2,3,3,1,0,3,0
1822,Amerindian,2,3,2,2,2,1,1,0,2,1
1823,Amerindian,3,5,2,3,3,1,1,0,2,0
1824,Amerindian,3,4,2,1,2,4,1,0,1,0
1825,Amerindian,2,4,2,2,2,3,0,0,1,0
1826,Amerindian,3,4,2,1,2,1,1,0,2,0
1827,Amerindian,2,3,2,1,1,1,1,0,2,0
1828,Amerindian,2,3,2,1,2,0,1,1,2,0
1829,Amerindian,3,3,2,2,2,1,1,0,3,0
1830,Amerindian,2,3,3,2,2,1,1,0,1,0
1831,Amerindian,2,4,2,2,2,1,1,0,0,0
1832,Amerindian,2,2,2,1,2,0,0,0,1,0
1833,Amerindian,2,2,1,1,2,3,1,0,1,2
1834,Amerindian,3,2,2,1,1,0,0,0,2,0
1835,Amerindian,2,4,1,2,2,4,1,0,3,0
1836,Amerindian,1,2,2,1,2,3,1,0,2,0
1837,Amerindian,3,3,2,2,1,1,1,0,1,0
1838,Amerindian,2,5,2,1,2,1,0,0,1,0
1839,Amerindian,2,2,2,1,2,1,1,0,2,1
1840,Amerindian,2,4,2,2,2,0,1,1,2,0
1841,Amerindian,2,3,2,1,2,0,0,0,0,0
1842,Amerindian,2,5,3,1,2,0,1,0,3,0
1843,Amerindian,2,2,2,2,2,1,1,0,2,0
1844,Amerindian,2,2,1,1,2,0,1,0,1,0
1845,Amerindian,2,3,1,0,2,3,1,0,2,0
1846,Amerindian,2,3,2,2,2,1,1,0,1,1
1847,Amerindian,2,3,2,0,1,3,1,0,2,0
1848,Amerindian,3,3,2,1,1,1,0,0,1,0
1849,Amerindian,2,3,2,1,2,1,1,0,3,0
1850,Amerindian,3,4,2,1,1,1,1,0,3,0
1851,Amerindian,1,3,1,1,2,1,1,0,1,0
1852,Amerindian,3,4,2,1,1,0,0,0,1,0
1853,Amerindian,2,1,2,0,2,0,1,0,1,2
1854,Amerindian,1,3,1,0,2,2,0,0,3,1
1855,Amerindian,2,1,2,0,2,3,1,0,3,0
1856,Amerindian,2,3,2,1,3,4,1,0,1,0
1857,Amerindian,2,3,1,2,2,1,0,0,1,1
1858,Amerindian,2,4,2,1,2,1,1,0,3,0
1859,Amerindian,2,2,2,1,2,1,1,0,2,0
1860,Amerindian,3,3,2,0,2,1,1,0,3,1
1861,Amerindian,3,2,2,0,3,0,1,0,2,0
1862,Amerindian,2,3,3,0,2,1,1,0,3,0
1863,Amerindian,2,3,3,0,2,1,0,0,2,0
1864,Amerindian,3,4,2,1,3,4,0,0,3,1
1865,Amerindian,1,3,2,2,1,1,0,0,1,1
1866,Amerindian,2,2,2,0,3,1,1,0,2,0
1867,Amerindian,1,3,2,0,2,3,0,0,3,1
1868,Amerindian,3,3,3,1,2,1,0,0,1,1
1869,Amerindian,2,2,2,0,3,1,1,1,1,1
1870,Amerindian,1,3,2,1,2,1,1,0,3,0
1871,Amerindian,3,5,1,0,2,1,1,0,2,0
1872,Amerindian,2,3,2,1,2,0,1,0,2,1
1873,Amerindian,3,4,2,2,2,1,1,0,2,0
1874,Amerindian,2,3,2,1,2,0,0,0,1,0
1875,Amerindian,2,4,2,2,2,1,1,0,1,1
1876,Amerindian,2,3,1,1,2,1,1,0,0,0
1877,Amerindian,2,4,2,1,2,1,1,0,1,0
1878,Amerindian,2,2,2,1,2,1,0,1,1,0
1879,Amerindian,1,3,2,1,2,1,1,0,3,0
1880,Amerindian,1,5,2,1,2,1,1,0,2,1
1881,Amerindian,2,2,1,1,2,1,1,0,3,0
1882,Amerindian,2,2,2,1,2,1,1,0,2,1
1883,Amerindian,3,4,2,1,2,1,1,0,2,0
1884,Amerindian,3,3,2,2,2,3,1,1,1,1
1885,Amerindian,3,4,2,2,3,1,1,0,3,0
1886,Amerindian,3,4,1,2,2,1,1,1,2,1
1887,Amerindian,2,3,2,2,2,0,1,0,1,0
1888,Amerindian,2,3,1,2,1,3,1,0,1,0
1889,Amerindian,3,2,2,3,2,1,1,0,2,1
1890,Amerindian,3,4,2,1,2,0,1,0,1,0
1891,Amerindian,3,2,2,2,2,1,1,0,3,0
1892,Amerindian,3,4,2,2,2,1,1,0,1,1
1893,Amerindian,3,3,2,1,1,1,1,0,3,1
1894,Amerindian,2,2,2,2,2,1,0,1,1,0
1895,Amerindian,1,3,1,1,1,1,1,0,1,0
1896,Amerindian,2,4,2,0,2,1,1,0,1,0
1897,Amerindian,2,4,2,1,2,1,1,0,2,0
1898,Amerindian,3,4,2,2,2,1,1,0,3,0
1899,Amerindian,1,2,2,2,2,0,1,0,1,0
1900,Amerindian,3,3,1,2,2,4,0,0,2,1
1901,Amerindian,1,1,2,1,2,0,1,0,2,0
1902,Amerindian,2,3,2,2,2,1,0,0,0,0
1903,Amerindian,2,3,2,2,2,0,0,0,2,0
1904,Amerindian,2,3,2,2,2,1,1,0,3,1
1905,Amerindian,2,2,2,1,2,1,0,0,1,0
1906,Amerindian,3,4,2,3,2,1,1,0,3,2
1907,Amerindian,2,5,2,1,2,4,1,1,1,0
1908,Amerindian,2,3,1,2,2,1,0,1,2,1
1909,Amerindian,2,2,2,0,2,3,0,0,2,1
1910,Amerindian,1,4,2,1,2,1,1,0,3,0
1911,Amerindian,3,4,2,1,1,1,1,0,2,1
1912,Amerindian,2,4,2,2,2,1,1,0,3,0
1913,Amerindian,2,1,2,1,2,1,1,0,1,0
1914,Amerindian,1,4,2,2,3,1,1,0,1,1
1915,Amerindian,2,2,2,2,2,0,0,0,2,0
1916,Amerindian,2,3,2,1,2,1,1,0,1,0
1917,Amerindian,2,1,1,1,2,1,1,0,3,0
1918,Amerindian,1,3,2,1,1,0,0,0,3,0
1919,Amerindian,1,4,2,1,2,4,1,1,2,0
1920,Amerindian,3,3,2,1,2,1,1,0,1,0
1921,Amerindian,1,1,2,1,1,3,0,0,3,2
1922,Amerindian,2,4,2,1,2,1,0,0,2,0
1923,Amerindian,3,1,2,0,2,1,1,0,3,1
1924,Amerindian,2,4,1,1,2,1,0,0,3,0
1925,Amerindian,2,3,2,2,2,1,1,0,3,1
1926,Amerindian,3,4,2,0,2,1,1,0,2,1
1927,Amerindian,2,4,2,0,2,1,1,0,3,0
1928,Amerindian,2,5,2,0,2,3,1,0,2,1
1929,Amerindian,1,3,2,0,3,0,1,0,1,1
1930,Amerindian,2,4,2,1,2,1,1,0,2,0
1931,Amerindian,2,3,2,0,2,1,1,0,2,1
1932,Amerindian,3,4,2,2,2,3,1,0,3,1
1933,Amerindian,3,4,2,1,1,4,1,0,2,0
1934,Amerindian,2,2,2,2,2,0,1,0,1,0
1935,Amerindian,2,1,2,1,1,3,1,0,2,0
1936,Amerindian,2,2,2,1,2,1,1,0,2,0
1937,Amerindian,3,5,3,2,1,1,1,0,3,1
1938,Amerindian,2,3,2,1,2,3,1,0,1,0
1939,Amerindian,3,4,2,2,2,1,1,0,3,0
1940,Amerindian,2,4,2,0,2,3,1,0,2,1
1941,Amerindian,1,3,2,0,3,3,1,0,2,0
1942,Amerindian,2,3,2,2,3,1,1,0,3,0
1943,Amerindian,2,2,2,1,2,1,1,0,3,0
1944,Amerindian,3,2,2,1,1,1,1,0,2,1
1945,Amerindian,2,3,2,0,2,1,0,0,2,1
1946,Amerindian,3,4,2,1,3,1,1,0,2,0
1947,Amerindian,1,5,1,0,2,4,1,0,3,0
1948,Amerindian,3,4,2,1,2,1,1,0,3,1
1949,Amerindian,3,5,3,1,3,4,1,0,3,0
1950,Amerindian,3,4,1,0,2,1,1,1,3,1
1951,Amerindian,3,4,3,0,1,1,0,0,3,1
1952,Amerindian,3,3,3,1,2,3,0,0,3,2
1953,Amerindian,3,5,2,0,3,1,1,0,2,1
1954,Amerindian,1,3,2,1,2,4,1,0,2,1
1955,Amerindian,3,4,2,1,2,3,0,0,1,0
1956,Amerindian,2,5,3,2,2,1,1,0,3,0
1957,Amerindian,2,4,2,2,1,3,1,0,3,1
1958,Amerindian,2,2,1,2,2,0,1,0,1,0
1959,Amerindian,2,3,2,0,2,3,0,0,3,0
1960,Amerindian,1,5,2,2,2,1,0,0,1,1
1961,Amerindian,3,3,1,1,2,3,1,0,1,1
1962,Amerindian,1,4,2,2,3,1,1,1,1,2
1963,Amerindian,3,3,2,2,2,4,0,0,2,1
1964,Amerindian,2,2,1,1,1,1,0,0,1,0
1965,Amerindian,2,3,2,0,2,0,1,0,3,0
1966,Amerindian,3,4,2,1,2,3,1,0,1,1
1967,Amerindian,2,3,2,3,2,1,0,0,3,0
1968,Amerindian,1,1,2,1,2,0,1,0,1,0
1969,Amerindian,3,3,2,0,2,4,1,0,1,0
1970,Amerindian,1,1,2,1,2,0,0,0,1,0
1971,Amerindian,2,2,1,1,2,1,1,0,1,0
1972,Amerindian,3,3,2,2,1,1,0,0,3,0
1973,Amerindian,2,3,2,1,2,1,1,0,2,0
1974,Amerindian,3,3,2,2,2,3,0,0,3,0
1975,Amerindian,3,4,2,1,2,1,1,0,2,0
1976,Amerindian,2,5,2,1,2,4,0,0,3,0
1977,Amerindian,3,4,1,1,1,1,0,0,2,0
1978,Amerindian,2,2,3,1,2,1,1,0,2,0
1979,Amerindian,2,3,2,0,3,4,1,0,2,0
1980,Amerindian,3,4,2,1,1,4,0,0,3,0
1981,Amerindian,2,4,2,1,3,4,1,0,2,1
1982,Amerindian,1,1,2,2,2,4,1,0,1,0
1983,Amerindian,2,2,2,1,2,1,1,0,2,0
1984,Amerindian,2,5,2,0,1,3,1,0,3,0
1985,Amerindian,3,3,2,0,2,1,1,0,3,1
1986,Amerindian,2,2,3,0,2,3,0,0,2,0
1987,Amerindian,3,4,2,1,1,4,0,0,1,0
1988,Amerindian,1,2,2,0,2,4,0,0,1,1
1989,Amerindian,2,3,1,1,1,0,1,0,2,1
1990,Amerindian,3,3,2,2,2,4,0,0,3,0
1991,Amerindian,1,5,3,1,2,1,0,0,2,0
1992,Amerindian,2,4,2,1,2,1,0,0,1,0
1993,Amerindian,3,4,3,0,2,1,1,0,1,0
1994,Amerindian,3,3,3,0,2,1,0,0,3,1
1995,Amerindian,1,2,2,1,2,1,0,0,3,2
1996,Amerindian,1,1,2,0,2,3,1,0,1,1
1997,Amerindian,3,5,2,0,1,1,0,0,2,1
1998,Amerindian,2,2,3,1,2,3,1,0,3,1
1999,Amerindian,3,3,1,2,2,1,0,0,2,0
2000,Amerindian,2,3,2,1,2,1,0,1,1,2
2001,Amerindian,2,4,2,1,1,1,0,0,0,1
2002,Amerindian,2,3,2,1,2,0,1,1,0,2
2003,Amerindian,2,3,2,1,2,0,1,0,2,0
2004,Amerindian,2,3,1,1,3,1,1,0,2,0
2005,Amerindian,2,3,2,1,2,1,1,0,3,1
2006,Amerindian,2,4,2,1,2,1,0,0,1,1
2007,Amerindian,2,3,2,0,2,4,1,0,1,0
2008,Amerindian,1,3,2,1,3,1,1,0,2,1
2009,Amerindian,2,4,2,0,2,4,1,0,3,0
2010,Amerindian,2,4,2,1,3,1,1,0,2,0
2011,Amerindian,1,2,3,1,3,0,1,0,3,0
2012,Amerindian,1,2,2,1,2,4,1,0,1,0
2013,Amerindian,3,4,2,2,2,0,1,0,0,0
2014,Amerindian,2,3,1,1,1,3,1,0,2,1
2015,Amerindian,2,4,1,1,2,1,1,0,1,0
2016,Amerindian,3,2,2,1,2,3,1,0,0,1
2017,Amerindian,3,4,2,1,2,1,1,0,1,0
2018,Amerindian,2,4,2,1,2,1,1,0,1,0
2019,Amerindian,2,4,3,1,2,0,1,0,2,1
2020,Amerindian,3,4,3,2,2,4,1,0,1,1
2021,Amerindian,3,2,2,2,2,4,1,0,3,2
2022,Amerindian,2,3,2,1,2,3,1,0,1,2
2023,Amerindian,2,3,2,1,2,4,1,0,3,0
2024,Amerindian,2,3,2,0,2,4,1,0,2,0
2025,Amerindian,3,5,2,1,2,2,1,0,1,0
2026,Amerindian,3,2,3,1,1,4,1,0,2,2
2027,Amerindian,3,3,2,1,2,0,1,0,3,2
2028,Amerindian,3,5,3,2,2,0,1,0,1,1
2029,Amerindian,2,2,2,1,2,3,1,0,2,0
2030,Amerindian,1,2,2,2,2,0,1,0,2,1
2031,Amerindian,1,3,2,1,2,1,1,0,2,0
2032,Amerindian,2,5,1,1,2,4,1,0,2,0
2033,Amerindian,2,3,2,2,2,1,1,0,1,0
2034,Amerindian,2,4,1,1,1,3,0,1,3,0
2035,Amerindian,1,4,2,1,2,1,1,0,2,0
2036,Amerindian,2,2,1,1,2,3,1,1,1,0
2037,Amerindian,3,3,1,3,2,0,1,1,2,0
2038,Amerindian,1,2,3,2,3,1,1,0,2,0
2039,Amerindian,2,4,3,1,3,1,1,0,1,0
2040,Amerindian,3,5,2,2,2,3,1,0,2,0
2041,Amerindian,2,5,1,1,2,3,1,0,1,2
2042,Amerindian,2,4,2,1,2,3,1,0,1,0
2043,Amerindian,3,3,2,2,1,3,1,0,1,0
2044,Amerindian,1,1,1,1,2,1,1,0,3,0
2045,Amerindian,3,5,1,0,2,4,0,0,2,0
2046,Amerindian,2,3,1,1,2,1,1,0,2,1
2047,Amerindian,2,3,3,1,3,1,1,0,3,0
2048,Amerindian,2,3,2,1,3,3,0,0,1,0
2049,Amerindian,2,2,2,1,2,0,1,0,1,0
2050,Amerindian,2,3,1,2,2,4,1,0,3,0
2051,Amerindian,1,5,2,2,2,1,1,0,1,1
2052,Amerindian,2,3,1,3,2,1,1,0,2,0
2053,Amerindian,3,3,2,1,2,1,0,1,2,0
2054,Amerindian,2,3,2,0,2,0,1,0,1,0
2055,Amerindian,2,3,1,1,2,1,1,0,1,0
2056,Amerindian,2,3,3,1,2,0,1,0,1,1
2057,Amerindian,1,3,1,1,2,1,1,0,2,1
2058,Amerindian,2,3,1,2,3,1,1,0,2,2
2059,Amerindian,2,4,2,1,3,4,1,0,2,2
2060,Amerindian,1,4,1,2,2,1,1,1,2,2
2061,Amerindian,2,4,2,1,1,1,1,0,1,1
2062,Amerindian,1,4,1,1,2,1,1,0,2,1
2063,Amerindian,2,4,1,1,1,1,1,0,2,0
2064,Amerindian,2,3,2,1,2,1,1,0,1,0
2065,Amerindian,2,4,1,1,1,1,1,1,2,0
2066,Amerindian,2,3,1,1,2,1,1,1,1,0
2067,Amerindian,2,4,2,1,2,1,1,0,3,0
2068,Amerindian,2,4,2,0,2,1,1,0,1,0
2069,Amerindian,3,4,3,1,2,1,1,0,2,0
2070,Amerindian,3,4,1,1,1,1,1,0,2,1
2071,Amerindian,3,3,2,2,1,1,1,0,2,0
2072,Amerindian,3,4,1,1,2,1,1,0,2,0
2073,Amerindian,3,3,2,1,2,1,1,0,2,1
2074,Amerindian,3,4,2,1,2,1,0,0,1,0
2075,Amerindian,2,3,2,1,3,0,1,0,1,0
2076,Amerindian,2,3,3,2,3,0,1,0,3,2
2077,Amerindian,2,4,1,0,1,4,1,0,2,0
2078,Amerindian,1,1,2,2,2,1,0,0,2,1
2079,Amerindian,1,2,3,1,2,0,1,0,3,0
2080,Amerindian,2,2,2,1,2,4,1,0,2,0
2081,Amerindian,3,4,2,1,2,1,0,0,1,1
2082,Amerindian,2,2,2,2,1,3,1,1,2,1
2083,Amerindian,2,4,1,1,1,1,0,0,1,0
2084,Amerindian,2,3,2,0,2,1,1,0,1,0
2085,Amerindian,3,4,1,2,2,1,1,0,1,1
2086,Amerindian,2,4,2,0,2,1,1,0,0,1
2087,Amerindian,3,3,2,1,2,1,1,0,1,0
2088,Amerindian,2,2,1,1,2,0,0,0,1,1
2089,Amerindian,1,2,2,0,3,1,1,0,2,2
2090,Amerindian,3,4,2,1,2,1,1,0,1,0
2091,Amerindian,2,5,3,1,2,0,1,0,1,0
2092,Amerindian,2,3,2,1,2,1,1,0,1,0
2093,Amerindian,3,3,2,1,2,1,0,0,1,1
2094,Amerindian,3,4,2,2,2,1,0,0,1,0
2095,Amerindian,2,3,2,2,2,0,0,0,1,1
2096,Amerindian,2,5,2,1,2,1,0,0,1,0
2097,Amerindian,2,3,2,0,2,1,0,0,1,0
2098,Amerindian,3,4,2,1,2,4,1,0,2,1
2099,Amerindian,3,5,2,0,3,3,0,0,3,0
2100,Amerindian,2,3,2,1,2,0,1,0,1,1
2101,Amerindian,3,3,1,0,2,3,0,0,2,0
2102,Amerindian,3,4,2,1,1,0,0,0,2,0
2103,Amerindian,2,1,2,1,2,1,1,1,1,1
2104,Amerindian,3,4,3,1,2,1,0,0,3,0
2105,Amerindian,1,3,2,2,1,0,1,0,1,0
2106,Amerindian,2,4,2,1,2,4,1,0,1,2
2107,Amerindian,2,2,2,0,2,1,0,0,2,2
2108,Amerindian,3,3,2,1,2,4,1,0,2,0
2109,Amerindian,2,3,2,2,2,4,1,0,2,0
2110,Amerindian,2,5,2,2,2,1,1,0,2,0
2111,Amerindian,2,1,2,2,2,0,0,0,3,0
2112,Amerindian,2,2,2,1,3,0,1,0,2,0
2113,Amerindian,2,3,2,2,2,4,1,0,2,2
2114,Amerindian,3,3,2,1,2,0,0,0,2,0
2115,Amerindian,3,2,1,1,2,1,1,1,2,1
2116,Amerindian,2,4,1,0,2,1,1,0,3,0
2117,Amerindian,2,4,2,2,2,1,1,0,1,0
2118,Amerindian,3,2,3,1,2,1,0,0,3,0
2119,Amerindian,3,4,3,0,2,0,0,0,2,0
2120,Amerindian,1,5,1,0,1,1,0,0,1,0
2121,Amerindian,1,2,3,2,2,1,1,0,0,0
2122,Amerindian,3,3,3,0,2,0,0,0,1,1
2123,Amerindian,2,3,2,1,2,0,0,0,1,0
2124,Amerindian,2,4,2,2,2,1,1,0,2,0
2125,Amerindian,1,3,2,2,2,0,1,0,1,0
2126,Amerindian,2,4,2,2,2,0,1,1,2,0
2127,Amerindian,2,2,2,1,2,1,1,0,1,0
2128,Amerindian,2,3,3,1,2,1,0,0,2,0
2129,Amerindian,2,2,2,0,2,0,1,0,1,0
2130,Amerindian,2,3,2,1,2,1,1,0,0,2
2131,Amerindian,2,2,2,1,2,1,0,0,1,0
2132,Amerindian,3,3,3,0,2,0,0,0,2,1
2133,Amerindian,1,5,2,1,2,1,1,0,2,0
2134,Amerindian,1,3,2,1,2,0,1,0,1,0
2135,Amerindian,3,4,2,2,2,1,0,0,1,0
2136,Amerindian,2,3,2,2,2,0,1,0,0,0
2137,Amerindian,3,4,2,1,1,1,1,1,1,1
2138,Amerindian,2,3,2,1,2,0,0,0,1,0
2139,Amerindian,3,3,2,0,2,1,1,0,1,1
2140,Amerindian,1,2,2,1,2,3,1,1,1,0
2141,Amerindian,1,4,2,1,2,1,1,0,1,1
2142,Amerindian,2,3,2,2,2,1,1,0,1,0
2143,Amerindian,2,2,2,1,2,1,1,0,1,0
2144,Amerindian,1,3,3,1,3,0,1,0,1,0
2145,Amerindian,1,3,1,2,2,3,1,0,1,0
2146,Amerindian,3,2,1,2,2,1,0,0,1,0
2147,Amerindian,2,3,2,1,2,1,0,0,2,0
2148,Amerindian,2,3,2,1,2,0,1,0,1,0
2149,Amerindian,2,3,2,2,2,0,1,1,1,0
2150,Amerindian,2,2,2,2,2,3,1,0,1,0
2151,Amerindian,2,3,2,1,2,0,1,0,1,0
2152,Amerindian,2,3,2,1,2,0,1,0,2,0
2153,Amerindian,2,2,2,2,2,0,1,0,1,1
2154,Amerindian,2,4,2,2,2,1,1,0,1,1
2155,Amerindian,2,3,1,1,1,1,1,0,2,0
2156,Amerindian,3,5,2,1,1,1,1,0,1,1
2157,Amerindian,2,4,2,1,2,1,0,0,2,0
2158,Amerindian,2,3,2,2,2,0,0,0,2,0
2159,Amerindian,3,4,2,1,1,1,0,0,1,0
2160,Amerindian,2,3,3,1,1,0,0,0,1,0
2161,Amerindian,3,3,2,1,2,1,1,0,1,0
2162,Amerindian,2,3,2,0,3,1,1,0,1,1
2163,Amerindian,1,2,3,1,2,0,0,0,1,1
2164,Amerindian,1,2,2,1,2,0,0,0,0,0
2165,Amerindian,2,5,2,1,3,0,1,0,0,1
2166,Amerindian,1,3,1,1,2,1,0,0,1,0
2167,Amerindian,2,3,1,1,2,0,1,0,2,0
2168,Amerindian,1,3,3,1,3,0,1,0,2,0
2169,Amerindian,2,3,2,2,2,1,1,0,0,1
2170,Amerindian,2,4,2,1,2,1,1,0,2,0
2171,Amerindian,2,2,2,1,2,0,1,0,1,0
2172,Amerindian,1,4,2,1,2,1,1,0,1,1
2173,Amerindian,2,3,2,1,2,0,1,0,0,0
2174,Amerindian,1,3,2,2,2,0,0,0,2,0
2175,Amerindian,1,3,2,0,2,0,1,0,0,0
2176,Amerindian,1,3,2,1,3,3,0,0,1,0
2177,Amerindian,2,3,2,2,2,4,1,1,1,0
2178,Amerindian,2,2,2,1,2,1,0,0,3,0
2179,Amerindian,2,2,2,1,2,1,0,0,2,0
2180,Amerindian,1,2,2,1,2,1,0,0,2,0
2181,Amerindian,1,3,2,1,2,0,1,0,1,0
2182,Amerindian,2,1,2,0,2,0,0,0,1,0
2183,Amerindian,1,1,3,1,2,0,1,0,1,0
2184,Amerindian,3,2,2,2,2,1,1,1,2,0
2185,Amerindian,2,3,2,1,2,2,1,0,1,0
2186,Amerindian,2,3,2,1,2,0,1,0,0,0
2187,Amerindian,2,3,2,2,2,0,1,0,1,0
2188,Amerindian,2,3,2,1,2,1,0,0,0,0
2189,Amerindian,2,3,1,1,2,0,0,0,1,0
2190,Amerindian,2,2,2,1,2,1,1,0,1,0
2191,Amerindian,2,3,2,2,2,0,1,0,1,0
2192,Amerindian,3,3,2,1,2,0,1,0,0,0
2193,Amerindian,2,3,2,1,1,1,1,0,1,0
2194,Amerindian,1,2,2,0,2,1,1,0,2,0
2195,Amerindian,1,1,2,0,1,1,1,0,1,0
2196,Amerindian,1,3,3,3,2,4,1,0,1,0
2197,Amerindian,2,3,2,1,2,0,0,0,2,0
2198,Amerindian,2,2,2,1,2,0,0,0,1,0
2199,Amerindian,2,3,2,1,2,0,0,0,1,0
2200,Amerindian,2,1,2,1,2,0,0,0,1,0
2201,Amerindian,2,3,2,1,2,0,1,0,1,0
2202,Amerindian,2,3,2,1,2,4,1,0,1,0
2203,Amerindian,3,3,1,1,2,0,1,0,0,0
2204,Amerindian,3,3,2,2,2,0,1,0,1,0
2205,Amerindian,3,3,1,1,2,1,1,0,1,0
2206,Amerindian,2,4,2,1,2,1,0,0,1,0
2207,Amerindian,2,4,3,2,2,0,1,0,1,0
2208,Amerindian,2,2,2,1,2,0,1,1,2,0
2209,Amerindian,2,3,2,1,2,1,1,0,1,1
2210,Amerindian,2,3,2,1,2,0,1,0,2,0
2211,Amerindian,2,3,2,1,2,0,1,0,1,0
2212,Amerindian,3,4,2,2,2,1,1,0,2,0
2213,Amerindian,2,2,2,1,3,0,1,0,1,0
2214,Amerindian,3,4,3,1,2,1,1,0,2,0
2215,Amerindian,2,2,2,2,2,1,0,1,1,0
2216,Amerindian,2,2,1,2,2,0,0,0,1,0
2217,Amerindian,3,3,2,2,2,1,1,0,0,0
2218,Amerindian,2,3,3,0,2,0,1,0,1,0
2219,Amerindian,2,3,3,0,2,4,1,0,0,0
2220,Amerindian,2,5,3,1,2,0,1,0,1,0
2221,Amerindian,3,4,2,3,2,4,1,0,1,0
2222,Amerindian,2,4,2,1,2,0,1,0,1,0
2223,Amerindian,2,3,1,1,2,0,1,0,1,0
2224,Amerindian,2,3,1,2,2,1,1,0,1,0
2225,Amerindian,2,3,2,1,2,0,1,0,1,0
2226,Amerindian,1,2,3,1,3,0,1,0,1,2
2275,SWHispanic,2,4,2,0,2,3,1,0,1,0
2276,SWHispanic,2,3,2,1,2,1,1,1,1,1
2277,SWHispanic,2,4,1,1,2,1,1,0,3,1
2278,SWHispanic,1,3,2,1,2,2,1,0,2,1
2279,SWHispanic,2,3,2,2,2,1,1,0,1,0
2280,SWHispanic,3,4,1,2,2,3,1,1,1,0
2281,SWHispanic,1,3,2,1,2,1,1,0,1,0
2282,SWHispanic,3,5,2,1,2,3,1,1,2,1
2283,SWHispanic,2,3,2,1,2,3,0,0,1,1
2284,SWHispanic,3,3,2,1,2,3,1,0,1,2
2285,SWHispanic,2,3,1,2,2,3,1,0,1,2
2286,SWHispanic,3,4,2,1,2,3,1,1,2,1
2287,SWHispanic,3,4,2,2,2,3,1,0,1,2
2288,SWHispanic,2,3,1,2,2,3,1,0,1,0
2289,SWHispanic,2,4,2,1,2,0,0,1,1,1
2290,SWHispanic,2,2,2,2,1,1,0,0,1,2
2291,SWHispanic,2,2,2,2,1,3,0,0,2,0
2292,SWHispanic,2,3,1,1,1,3,1,0,1,1
2293,SWHispanic,3,4,2,1,1,3,1,0,3,0
2294,SWHispanic,1,3,1,1,2,3,1,0,1,1
2295,SWHispanic,2,4,1,1,2,3,1,1,1,0
2296,SWHispanic,2,3,2,2,2,1,0,1,2,1
2297,SWHispanic,2,3,1,1,2,0,1,0,0,0
2298,SWHispanic,1,3,2,1,2,3,0,0,1,0
2299,SWHispanic,2,3,1,1,2,3,1,0,1,0
2300,SWHispanic,2,2,1,1,2,2,0,0,1,0
2301,SWHispanic,2,3,2,0,2,1,1,0,3,0
2302,SWHispanic,1,3,1,1,1,3,1,0,3,1
2303,SWHispanic,3,3,1,1,2,3,1,0,3,1
2304,SWHispanic,3,3,1,1,2,3,1,0,2,1
2305,SWHispanic,2,3,2,3,1,4,1,1,3,0
2306,SWHispanic,2,3,1,1,2,1,1,1,2,0
2307,SWHispanic,2,2,1,1,2,1,1,0,2,1
2308,SWHispanic,1,4,2,2,2,3,1,1,1,0
2309,SWHispanic,1,3,3,3,2,4,0,0,0,0
2310,SWHispanic,2,3,1,1,2,1,1,0,2,2
2311,SWHispanic,1,3,1,1,2,4,1,0,2,0
2312,SWHispanic,2,3,1,1,1,3,1,0,1,0
2313,SWHispanic,2,3,2,1,2,3,1,0,1,0
2314,SWHispanic,3,4,2,1,2,3,1,0,2,0
2315,SWHispanic,2,3,2,0,2,0,0,0,1,1
2316,SWHispanic,1,3,2,1,1,3,1,0,1,0
2317,SWHispanic,2,2,1,1,2,2,1,0,1,2
2318,SWHispanic,1,4,2,1,2,3,1,0,1,1
2319,SWHispanic,1,3,1,1,1,3,1,0,1,0
2320,SWHispanic,2,3,1,1,1,4,1,0,2,0
2321,SWHispanic,2,4,2,1,1,2,1,0,1,1
2322,SWHispanic,2,3,1,2,2,3,1,0,3,1
2323,SWHispanic,3,3,1,0,1,3,1,0,1,1
2324,SWHispanic,2,3,1,1,2,3,1,0,3,0
2325,SWHispanic,2,3,1,1,2,1,1,0,1,0
2326,SWHispanic,3,5,1,1,1,3,0,0,1,1
2327,SWHispanic,2,3,2,1,2,0,1,0,1,1
2328,SWHispanic,3,4,2,2,1,3,0,0,2,2
2329,SWHispanic,3,5,3,0,2,1,1,0,1,1
2330,SWHispanic,3,5,2,1,2,3,1,0,2,2
2331,SWHispanic,2,3,3,2,2,0,0,0,3,0
2332,SWHispanic,1,3,1,1,1,4,0,0,2,0
2333,SWHispanic,3,3,2,2,2,3,1,0,1,0
2334,SWHispanic,1,2,2,2,2,1,1,0,1,2
2335,SWHispanic,1,2,2,1,3,3,0,1,1,1
2336,SWHispanic,2,2,2,1,2,3,1,0,3,1
2337,SWHispanic,2,3,2,2,2,1,1,0,2,0
2338,SWHispanic,2,3,2,1,2,3,1,0,1,0
2339,SWHispanic,2,3,2,1,2,3,1,0,2,0
2340,SWHispanic,2,3,1,1,2,1,1,0,2,0
2341,SWHispanic,2,3,2,2,2,0,1,0,2,0
2342,SWHispanic,2,5,1,0,2,3,1,0,3,2
2343,SWHispanic,1,3,2,2,2,1,1,1,2,0
2344,SWHispanic,2,4,1,2,2,3,1,1,3,1
2345,SWHispanic,3,3,2,1,1,3,0,0,1,1
2346,SWHispanic,2,5,2,2,1,3,1,0,2,2
2347,SWHispanic,2,2,1,2,2,4,1,1,1,0
2348,SWHispanic,3,4,1,1,1,3,1,0,2,1
2349,SWHispanic,2,4,2,0,2,3,1,1,2,2
2350,SWHispanic,2,3,1,0,2,3,1,0,2,2
2351,SWHispanic,2,4,2,1,2,3,1,0,1,0
2352,SWHispanic,2,3,1,0,2,4,1,0,1,1
2353,SWHispanic,3,5,1,1,1,3,1,0,1,0
2354,SWHispanic,2,3,2,2,1,4,1,0,1,0
2355,SWHispanic,1,4,1,2,2,3,1,0,1,1
2356,SWHispanic,3,4,2,2,2,3,1,1,2,1
2357,SWHispanic,3,3,2,1,1,2,1,0,1,0
2358,SWHispanic,2,3,1,1,2,3,1,0,2,0
2359,SWHispanic,1,3,2,1,2,1,0,1,1,2
2360,SWHispanic,1,3,2,1,2,3,0,1,3,2
2361,SWHispanic,2,3,1,1,2,3,1,1,2,1
2362,SWHispanic,2,4,1,2,2,4,0,0,1,0
2363,SWHispanic,2,3,2,1,2,1,1,0,1,1
2364,SWHispanic,2,3,3,1,2,1,1,1,1,1
2365,SWHispanic,2,3,2,1,1,3,1,0,1,0
2366,SWHispanic,2,3,1,1,1,3,1,1,1,1
2367,SWHispanic,2,3,2,1,2,1,1,0,2,0
2368,SWHispanic,3,3,1,1,2,3,1,0,2,2
2369,SWHispanic,1,3,2,1,2,1,1,0,1,0
2370,SWHispanic,2,3,3,0,2,0,0,1,3,1
2371,SWHispanic,2,3,2,1,2,1,1,1,2,1
2372,SWHispanic,2,3,2,1,2,3,0,0,3,0
2373,SWHispanic,2,2,2,1,2,1,1,0,1,2
2374,SWHispanic,2,3,2,0,2,3,1,0,2,1
2375,SWHispanic,1,3,2,1,2,4,1,0,1,0
2376,SWHispanic,2,3,2,2,2,1,0,1,1,0
2377,SWHispanic,1,5,2,1,2,1,0,0,2,0
2378,SWHispanic,2,3,3,1,3,0,1,1,1,0
2379,SWHispanic,2,1,3,1,3,1,0,0,2,0
2380,SWHispanic,2,4,2,1,3,4,1,1,3,2
2381,SWHispanic,1,3,2,0,2,3,1,0,1,0
2382,SWHispanic,2,3,2,0,2,0,0,0,3,1
2383,SWHispanic,2,4,1,1,2,3,0,1,2,0
2384,SWHispanic,2,3,2,1,1,3,1,0,3,0
2385,SWHispanic,2,3,1,1,2,1,1,0,1,0
2386,SWHispanic,1,3,1,1,1,1,0,0,3,0
2387,SWHispanic,1,3,1,1,1,4,1,0,3,0
2388,SWHispanic,2,3,1,2,1,1,1,0,1,1
2389,SWHispanic,2,3,1,1,1,1,0,0,2,0
2390,SWHispanic,2,3,1,1,1,1,1,1,2,0
